FECHA_MAT;PROGRAMA;CANTIDAD
22-09-2021;DOPI;1
29-09-2021;DOPI;1
04-10-2021;DAAG;1
04-10-2021;DIOD;1
04-10-2021;DIQP;1
04-10-2021;DODP;1
04-10-2021;DOPI;1
05-10-2021;DCPA;1
05-10-2021;DERO;1
05-10-2021;DGCE;1
05-10-2021;DPEN;1
06-10-2021;DERO;1
06-10-2021;DODP;1
07-10-2021;DERO;1
07-10-2021;DERS;1
07-10-2021;DPEN;2
07-10-2021;PEPA;1
09-10-2021;DAAG;1
09-10-2021;DPAD;1
12-10-2021;PEPA;1
12-10-2021;PESU;1
13-10-2021;DERO;1
13-10-2021;DERS;1
13-10-2021;DIQP;1
14-10-2021;DERA;1
14-10-2021;DESU;1
14-10-2021;DIQP;3
15-10-2021;DAAG;1
15-10-2021;MDAD;1
17-10-2021;DOPI;1
18-10-2021;DERO;1
18-10-2021;DIQP;1
20-10-2021;DERA;1
20-10-2021;DOPI;1
20-10-2021;MHGP;1
21-10-2021;DERO;1
21-10-2021;DIQP;1
21-10-2021;DPAD;1
22-10-2021;DCPA;1
22-10-2021;DERS;1
22-10-2021;DIQP;1
22-10-2021;DOPI;2
22-10-2021;MEMG;1
22-10-2021;MPSP;2
22-10-2021;MTEM;1
22-10-2021;PESU;1
23-10-2021;DCPA;1
24-10-2021;DERS;1
24-10-2021;DOPI;1
24-10-2021;DORE;1
24-10-2021;DPEN;1
24-10-2021;MPSP;1
25-10-2021;DCPA;1
25-10-2021;DODP;1
25-10-2021;DOPI;2
25-10-2021;MEMG;1
26-10-2021;DCPA;2
26-10-2021;DIQP;1
26-10-2021;EMCT;1
26-10-2021;PEPA;1
27-10-2021;DERA;2
27-10-2021;DGGE;1
27-10-2021;DIQP;1
27-10-2021;EOOP;3
27-10-2021;MEMG;1
27-10-2021;MTEM;1
27-10-2021;PEND;1
28-10-2021;DDCO;1
28-10-2021;EOOP;4
28-10-2021;MEDU;1
28-10-2021;MEMG;1
29-10-2021;DERO;1
29-10-2021;EOEN;2
29-10-2021;EOOP;1
29-10-2021;MDDE;1
31-10-2021;PEND;1
01-11-2021;PMEM;1
02-11-2021;DCPA;1
02-11-2021;EOEN;4
02-11-2021;EORO;1
03-11-2021;DCPA;1
03-11-2021;DERA;1
03-11-2021;DERO;1
03-11-2021;DEST;1
03-11-2021;DOPI;1
03-11-2021;EOEN;1
03-11-2021;EORO;2
03-11-2021;MDTR;1
03-11-2021;PMEM;1
04-11-2021;DOPI;1
04-11-2021;EORO;4
05-11-2021;DCPA;1
05-11-2021;DHST;1
05-11-2021;DIQP;1
05-11-2021;EOEN;2
05-11-2021;EORO;4
06-11-2021;DCPA;1
07-11-2021;DCPA;1
07-11-2021;DERO;1
08-11-2021;DCPA;3
08-11-2021;PMEM;1
09-11-2021;DIQP;1
09-11-2021;DORE;1
09-11-2021;DSMP;1
09-11-2021;EORO;1
09-11-2021;MDRC;1
10-11-2021;DCPA;3
10-11-2021;DERA;1
10-11-2021;DERS;1
10-11-2021;DODP;1
10-11-2021;DOPI;1
10-11-2021;DPEN;1
10-11-2021;PEOG;1
11-11-2021;DDCO;1
11-11-2021;DOPI;2
11-11-2021;MDTR;1
11-11-2021;MNPP;1
11-11-2021;MTEM;1
12-11-2021;DAAG;1
12-11-2021;DCPA;1
12-11-2021;DERA;2
12-11-2021;DEST;1
12-11-2021;DPPC;1
12-11-2021;EOIO;3
12-11-2021;EOPE;2
12-11-2021;MEMG;1
13-11-2021;DCPA;1
13-11-2021;DERA;1
14-11-2021;DERS;1
15-11-2021;DDLE;1
15-11-2021;DIQP;3
15-11-2021;DMOR;1
15-11-2021;DOCM;1
15-11-2021;EOIM;1
15-11-2021;EOIO;4
15-11-2021;EOOR;3
16-11-2021;DCPA;1
16-11-2021;DERA;1
16-11-2021;DERO;1
16-11-2021;DERS;1
16-11-2021;DOCM;1
16-11-2021;DOPI;1
16-11-2021;DPEN;1
16-11-2021;EOIO;2
16-11-2021;EOPE;1
16-11-2021;MDAD;1
17-11-2021;DCPA;2
17-11-2021;EOCM;3
17-11-2021;EOIM;3
17-11-2021;EOIO;1
17-11-2021;EOOR;1
17-11-2021;EOPE;2
17-11-2021;EOTT;1
17-11-2021;PEOG;1
17-11-2021;PODA;1
18-11-2021;DCPA;3
18-11-2021;DIQP;1
18-11-2021;DPEN;1
18-11-2021;EOOR;2
18-11-2021;EOPE;2
18-11-2021;EOTT;2
18-11-2021;MPSP;1
18-11-2021;PEOG;1
19-11-2021;DCAA;1
19-11-2021;DCPA;2
19-11-2021;DERA;1
19-11-2021;MDPE;1
20-11-2021;DAAG;1
20-11-2021;DCNI;1
22-11-2021;DCPA;1
22-11-2021;DERO;1
22-11-2021;DOPI;1
22-11-2021;DPEN;2
22-11-2021;EOTT;1
22-11-2021;MDRC;2
22-11-2021;MDTR;1
22-11-2021;MTEM;1
22-11-2021;PEOG;1
22-11-2021;PESU;1
23-11-2021;DAAG;1
23-11-2021;DCPA;1
23-11-2021;DERC;1
23-11-2021;DNEO;1
23-11-2021;DODP;1
23-11-2021;DPAD;1
23-11-2021;EOEN;2
23-11-2021;EOTT;1
23-11-2021;MNPP;1
24-11-2021;DCPA;1
24-11-2021;DDCO;1
24-11-2021;DDIN;1
24-11-2021;DERA;1
24-11-2021;DOPI;3
24-11-2021;EOPE;1
24-11-2021;MCSI;1
24-11-2021;MDAD;1
24-11-2021;MDGE;1
24-11-2021;MDTR;1
25-11-2021;DDEP;1
25-11-2021;DERO;1
25-11-2021;DERS;1
25-11-2021;DIND;1
25-11-2021;DOPI;2
25-11-2021;MAGS;1
25-11-2021;MDGE;1
25-11-2021;MDRC;1
25-11-2021;MTEM;1
25-11-2021;PEOG;2
25-11-2021;PMEM;1
26-11-2021;DCPA;2
26-11-2021;DERA;2
26-11-2021;DERO;1
26-11-2021;DERS;1
26-11-2021;DPPC;1
26-11-2021;MAGS;1
26-11-2021;MDAD;2
26-11-2021;MDDE;2
26-11-2021;MTEM;1
26-11-2021;PEND;1
27-11-2021;DERO;2
28-11-2021;DERA;1
28-11-2021;DPEN;1
29-11-2021;DAAG;1
29-11-2021;DCPA;2
29-11-2021;DERO;1
29-11-2021;DERS;1
29-11-2021;DGCE;1
29-11-2021;DNEO;1
29-11-2021;DOPI;1
29-11-2021;DPAD;1
29-11-2021;EOCM;1
29-11-2021;MDAD;1
29-11-2021;MDRC;1
29-11-2021;PEND;1
29-11-2021;PEPA;1
29-11-2021;PMEM;1
30-11-2021;DIOD;1
30-11-2021;DMOR;2
30-11-2021;EOIM;1
30-11-2021;MDRC;1
30-11-2021;PMEM;1
01-12-2021;DEST;1
01-12-2021;DIOD;1
01-12-2021;DIQP;2
01-12-2021;DSCE;1
01-12-2021;MHGP;1
01-12-2021;MIIO;1
01-12-2021;PESU;1
02-12-2021;DCPA;2
02-12-2021;DERS;1
02-12-2021;DPEN;1
02-12-2021;DSCE;1
02-12-2021;MDTR;1
02-12-2021;MEDU;1
02-12-2021;PEOG;1
03-12-2021;DAAG;1
03-12-2021;DCAA;1
03-12-2021;DIQP;1
03-12-2021;DOPI;2
03-12-2021;DPEN;1
03-12-2021;MAGS;1
03-12-2021;MTEM;1
04-12-2021;DERS;1
06-12-2021;DCPA;2
06-12-2021;DIQP;1
06-12-2021;DOPI;1
07-12-2021;DERO;1
07-12-2021;DIQP;2
07-12-2021;DMTT;1
07-12-2021;DOPI;1
07-12-2021;DRET;1
07-12-2021;MEMG;1
08-12-2021;DMOR;1
08-12-2021;DODP;1
09-12-2021;DAAG;1
09-12-2021;DCPA;2
09-12-2021;DDEP;1
09-12-2021;DIQP;1
09-12-2021;DKAD;1
09-12-2021;DOIA;1
09-12-2021;DOPI;1
09-12-2021;DPEN;1
10-12-2021;DCPA;2
10-12-2021;DERS;1
10-12-2021;DFUT;1
10-12-2021;MNPP;1
13-12-2021;DCPA;1
13-12-2021;DIND;1
13-12-2021;DIQP;1
13-12-2021;DOPI;1
13-12-2021;PEOG;1
13-12-2021;PESU;1
14-12-2021;DCKR;1
14-12-2021;DERO;1
14-12-2021;DERS;1
14-12-2021;DRNA;1
14-12-2021;MPSP;1
14-12-2021;PEPA;2
15-12-2021;DIND;1
15-12-2021;MPSP;1
15-12-2021;PEOG;2
15-12-2021;PEPA;1
16-12-2021;CKGI;1
16-12-2021;DCPA;1
16-12-2021;DERO;1
16-12-2021;DERS;1
16-12-2021;DFKM;1
16-12-2021;DSMP;1
16-12-2021;ECKI;1
16-12-2021;MDAD;3
16-12-2021;MEPI;2
16-12-2021;PEPA;2
17-12-2021;DERO;1
17-12-2021;MDTR;1
17-12-2021;MFIA;1
17-12-2021;PMEM;1
18-12-2021;MDTR;1
18-12-2021;PMEM;1
19-12-2021;DSMP;1
20-12-2021;CBPE;1
20-12-2021;DCPA;1
20-12-2021;DERA;1
20-12-2021;DIQP;1
20-12-2021;DODP;1
20-12-2021;DORE;1
20-12-2021;MAGS;2
20-12-2021;MDPE;1
20-12-2021;PEIN;1
20-12-2021;PEOG;1
20-12-2021;PMEM;2
21-12-2021;CBPE;1
21-12-2021;DCPA;1
21-12-2021;DFUT;1
21-12-2021;DKAD;1
21-12-2021;DMOR;1
21-12-2021;DPAD;1
21-12-2021;MAGS;1
21-12-2021;MEPI;1
21-12-2021;MHGP;1
21-12-2021;PEOG;1
21-12-2021;PEON;1
21-12-2021;PEPA;1
21-12-2021;PESU;2
21-12-2021;PMEM;2
22-12-2021;DCKR;1
22-12-2021;DERO;1
22-12-2021;DEST;1
22-12-2021;DFUT;1
22-12-2021;DGCE;1
22-12-2021;DIOD;1
22-12-2021;DSMP;1
22-12-2021;MDPE;1
22-12-2021;MDTR;1
22-12-2021;MEPI;1
22-12-2021;PEOG;1
22-12-2021;PEPA;1
23-12-2021;DCPA;1
23-12-2021;DDEP;1
23-12-2021;DERA;1
23-12-2021;DFUT;1
23-12-2021;DGCE;1
23-12-2021;DOPI;1
23-12-2021;MDAD;1
23-12-2021;MDTR;1
23-12-2021;PEOG;1
23-12-2021;PEPA;1
24-12-2021;CBPE;1
24-12-2021;DCPA;1
24-12-2021;DFUT;1
24-12-2021;DNEO;1
24-12-2021;EOIO;1
24-12-2021;MDDE;1
25-12-2021;CBPE;1
25-12-2021;MDDE;1
26-12-2021;DPEN;1
27-12-2021;DCPA;2
27-12-2021;DDDD;1
27-12-2021;DPEN;1
27-12-2021;DPPC;1
27-12-2021;MDDE;2
27-12-2021;PEND;1
27-12-2021;PEOG;1
27-12-2021;PMEM;1
28-12-2021;DAAG;2
28-12-2021;DCAA;1
28-12-2021;DCKR;1
28-12-2021;DCNI;1
28-12-2021;DCPA;2
28-12-2021;DFUT;1
28-12-2021;DKAD;1
28-12-2021;DPAD;1
28-12-2021;DPEN;1
28-12-2021;DRNA;1
28-12-2021;EOTT;1
28-12-2021;MDPE;1
28-12-2021;PMEM;1
29-12-2021;DCPA;2
29-12-2021;DECC;1
29-12-2021;DEST;1
29-12-2021;DGCE;1
29-12-2021;DKAD;1
29-12-2021;DRET;1
29-12-2021;DSCE;2
29-12-2021;MAGS;1
29-12-2021;MDAD;1
29-12-2021;MDRC;2
30-12-2021;DERO;3
30-12-2021;DISI;1
30-12-2021;DKAD;1
30-12-2021;DODP;1
30-12-2021;DTIC;1
30-12-2021;EORO;1
30-12-2021;MDAD;1
30-12-2021;MDPE;1
30-12-2021;MDRC;1
30-12-2021;MDTR;1
30-12-2021;MEDU;1
30-12-2021;MNPP;1
30-12-2021;PEPA;1
31-12-2021;DGCE;1
31-12-2021;MEDU;1
31-12-2021;MFIA;1
03-01-2022;DCPA;2
03-01-2022;DFUA;1
03-01-2022;DGCE;1
03-01-2022;DIOD;1
03-01-2022;DMTT;1
03-01-2022;MDTR;1
03-01-2022;MEPI;1
03-01-2022;PEND;1
03-01-2022;PEPA;1
04-01-2022;DAAG;1
04-01-2022;DCPA;4
04-01-2022;DIQP;1
04-01-2022;DKAD;1
04-01-2022;DPRO;1
04-01-2022;MDRC;1
04-01-2022;MSCF;2
04-01-2022;PEND;1
05-01-2022;CBPE;1
05-01-2022;CLPJ;1
05-01-2022;DCAA;1
05-01-2022;DCNI;1
05-01-2022;DCPA;1
05-01-2022;DECC;1
05-01-2022;DERC;1
05-01-2022;DERO;1
05-01-2022;DESP;1
05-01-2022;DMOR;1
05-01-2022;MAEC;1
05-01-2022;MDDE;1
06-01-2022;CBPE;1
06-01-2022;DBDS;2
06-01-2022;DCPA;1
06-01-2022;DDEP;1
06-01-2022;DERO;1
06-01-2022;DGGE;1
06-01-2022;DODP;1
06-01-2022;DTIC;1
06-01-2022;MDTR;1
06-01-2022;MEMG;1
06-01-2022;MEPI;1
06-01-2022;MHGP;1
06-01-2022;PEPA;1
06-01-2022;PESU;1
07-01-2022;CBPE;2
07-01-2022;CFST;2
07-01-2022;DCNI;1
07-01-2022;DCPA;1
07-01-2022;DECC;1
07-01-2022;DEST;2
07-01-2022;DMCE;1
07-01-2022;ECKI;1
07-01-2022;MAGS;1
07-01-2022;MFIA;1
07-01-2022;MPSP;1
07-01-2022;MSCM;1
07-01-2022;PEOG;1
08-01-2022;DERO;1
08-01-2022;DEST;1
08-01-2022;DESU;1
08-01-2022;DETR;1
09-01-2022;MAGS;1
10-01-2022;CBPE;1
10-01-2022;DCKR;1
10-01-2022;DCPA;1
10-01-2022;DERO;2
10-01-2022;DEST;1
10-01-2022;DOIA;1
10-01-2022;DPPC;1
10-01-2022;DSCE;1
10-01-2022;EOTT;1
10-01-2022;MAFM;1
10-01-2022;MDGE;1
10-01-2022;MESP;2
10-01-2022;MPSP;1
10-01-2022;PGPC;1
11-01-2022;CBPE;1
11-01-2022;DCPA;1
11-01-2022;DDEP;1
11-01-2022;DERC;1
11-01-2022;DESP;1
11-01-2022;DESU;1
11-01-2022;DFUT;1
11-01-2022;DISI;1
11-01-2022;DMCE;2
11-01-2022;DSCE;1
11-01-2022;MDDE;1
11-01-2022;MDPE;1
11-01-2022;MEDU;1
11-01-2022;MSCM;1
11-01-2022;MTEM;1
12-01-2022;DKAD;1
12-01-2022;MAGS;1
12-01-2022;MDPE;1
12-01-2022;MEMG;1
12-01-2022;MFIL;1
12-01-2022;PFIL;1
13-01-2022;DAAG;1
13-01-2022;DCAA;1
13-01-2022;DCNI;1
13-01-2022;DECC;1
13-01-2022;DERO;1
13-01-2022;DFUT;1
13-01-2022;DIQP;3
13-01-2022;DMCE;1
13-01-2022;DMOR;1
13-01-2022;DOPI;1
13-01-2022;DORE;1
13-01-2022;DSMP;2
14-01-2022;DCAA;2
14-01-2022;DCPA;1
14-01-2022;DERS;1
14-01-2022;DIOD;1
14-01-2022;DIQP;1
14-01-2022;DMTT;1
14-01-2022;DOIA;1
14-01-2022;DRET;1
14-01-2022;DSCE;1
14-01-2022;MEDU;1
16-01-2022;DECC;1
17-01-2022;DCAA;1
17-01-2022;DCKR;1
17-01-2022;DCPA;1
17-01-2022;DIOD;3
17-01-2022;DMCE;1
17-01-2022;DPAD;1
17-01-2022;DPPC;1
17-01-2022;DRET;2
17-01-2022;MAGS;1
17-01-2022;MDDE;1
17-01-2022;MDRC;1
18-01-2022;DAAG;1
18-01-2022;DCPA;1
18-01-2022;DDEP;2
18-01-2022;DEON;1
18-01-2022;DERA;1
18-01-2022;DGGE;1
18-01-2022;DIME;1
18-01-2022;DIQP;2
18-01-2022;DPPC;1
18-01-2022;MDPE;1
18-01-2022;MTEM;1
18-01-2022;PEOG;1
18-01-2022;PGPC;1
18-01-2022;POPF;1
18-01-2022;RCME;1
19-01-2022;DCAA;1
19-01-2022;DDEP;1
19-01-2022;DERO;1
19-01-2022;DFNF;1
19-01-2022;DGCE;1
19-01-2022;DIQP;2
19-01-2022;DISI;1
19-01-2022;DMTT;1
19-01-2022;DODP;1
19-01-2022;MEDU;3
19-01-2022;MEMG;2
19-01-2022;MSCM;1
20-01-2022;DERA;1
20-01-2022;DFNF;1
20-01-2022;DGCE;1
20-01-2022;DIME;1
20-01-2022;DIQP;2
20-01-2022;MDDE;1
20-01-2022;MDRC;1
20-01-2022;MEDU;1
20-01-2022;MSCF;1
21-01-2022;DAES;1
21-01-2022;DERA;1
21-01-2022;DEST;1
21-01-2022;DFKM;1
21-01-2022;DIQP;2
21-01-2022;DMCE;1
21-01-2022;EOIM;1
21-01-2022;MDTR;1
21-01-2022;MEPI;1
21-01-2022;MSCM;1
23-01-2022;DIND;1
23-01-2022;MPSP;1
23-01-2022;PEOG;1
24-01-2022;DCPA;4
24-01-2022;DGCE;1
24-01-2022;DIQP;1
24-01-2022;DKAD;1
24-01-2022;DMCE;1
24-01-2022;DORE;2
24-01-2022;MAFM;1
24-01-2022;MAGS;3
24-01-2022;MEMG;1
25-01-2022;DAES;1
25-01-2022;DCAA;1
25-01-2022;DCPA;1
25-01-2022;DDEP;1
25-01-2022;DECC;1
25-01-2022;DFNF;1
25-01-2022;DFUT;1
25-01-2022;DISI;1
25-01-2022;DMCE;1
25-01-2022;DSCE;1
25-01-2022;EOTT;1
25-01-2022;MCSI;1
25-01-2022;MEPI;1
25-01-2022;MHGP;1
26-01-2022;DCKR;1
26-01-2022;DCPA;3
26-01-2022;DECC;2
26-01-2022;DESG;1
26-01-2022;DFKM;1
26-01-2022;DMCE;1
26-01-2022;DODP;1
26-01-2022;DPEN;1
26-01-2022;DPPC;2
26-01-2022;ECKI;1
27-01-2022;DIQP;1
27-01-2022;DISI;2
27-01-2022;DMTT;1
27-01-2022;DNEO;1
27-01-2022;DRNA;1
27-01-2022;DSCE;1
27-01-2022;MAFM;2
27-01-2022;MDDE;1
27-01-2022;MDRC;1
27-01-2022;MTEM;2
28-01-2022;DCPA;3
28-01-2022;DETR;1
28-01-2022;DISI;1
28-01-2022;DMCE;1
28-01-2022;DOPI;2
28-01-2022;DPEN;1
28-01-2022;DSCE;1
28-01-2022;ECMU;1
28-01-2022;MAGS;1
28-01-2022;MESP;1
28-01-2022;PEOG;1
28-01-2022;POPF;1
29-01-2022;DKAD;1
29-01-2022;MSCF;1
29-01-2022;POPF;1
30-01-2022;DFKM;1
30-01-2022;DRET;1
30-01-2022;MAGS;2
31-01-2022;DDEP;1
31-01-2022;DDIN;1
31-01-2022;DFNF;3
31-01-2022;DIND;1
31-01-2022;DIQP;1
31-01-2022;DISI;1
31-01-2022;DMOR;1
31-01-2022;DMTT;1
31-01-2022;DODP;1
31-01-2022;DSCE;1
31-01-2022;MAGS;1
31-01-2022;MDDE;1
31-01-2022;MDRC;1
31-01-2022;MHGP;1
31-01-2022;MPSP;1
31-01-2022;MTEM;1
31-01-2022;PEOG;1
01-02-2022;DCAA;1
01-02-2022;DCPA;2
01-02-2022;DEST;1
01-02-2022;DFUT;1
01-02-2022;DGGE;1
01-02-2022;DIOD;1
01-02-2022;DIQP;1
01-02-2022;DOPI;3
01-02-2022;MAFM;1
01-02-2022;MAGS;1
01-02-2022;MDGE;5
01-02-2022;MDPE;1
01-02-2022;MDRC;1
01-02-2022;MEPI;1
01-02-2022;MESP;1
01-02-2022;PEND;1
01-02-2022;PEOG;1
02-02-2022;DCAA;1
02-02-2022;DCPA;1
02-02-2022;DFUT;1
02-02-2022;DISI;1
02-02-2022;DMOR;1
02-02-2022;DMTT;1
02-02-2022;DORE;1
02-02-2022;ECMU;1
02-02-2022;MDGE;1
02-02-2022;MDPE;1
02-02-2022;MEDU;1
03-02-2022;DAAG;1
03-02-2022;DDUC;1
03-02-2022;DESU;1
03-02-2022;DFNF;1
03-02-2022;DISI;1
03-02-2022;DKAD;1
03-02-2022;DOPI;1
03-02-2022;DPEN;1
03-02-2022;DSMP;1
03-02-2022;MAGS;1
03-02-2022;MCSI;1
03-02-2022;MDDE;1
03-02-2022;MPSP;1
03-02-2022;PEIN;1
03-02-2022;PEOG;1
03-02-2022;PESU;1
04-02-2022;DCAA;1
04-02-2022;DERA;1
04-02-2022;DFKM;1
04-02-2022;DIND;1
04-02-2022;MDAD;1
04-02-2022;MDRC;1
04-02-2022;MHGP;1
05-02-2022;DCPA;1
05-02-2022;DIND;1
06-02-2022;DCPA;1
06-02-2022;DISI;1
07-02-2022;DCPA;1
07-02-2022;DDLE;1
07-02-2022;DDSC;1
07-02-2022;DEON;1
07-02-2022;DERO;1
07-02-2022;DESU;1
07-02-2022;DISI;1
07-02-2022;DSCE;1
07-02-2022;DTIC;1
07-02-2022;ECMU;2
07-02-2022;MDAD;1
07-02-2022;PEOG;1
08-02-2022;CPAP;1
08-02-2022;CRCL;1
08-02-2022;DAAG;1
08-02-2022;DCKR;1
08-02-2022;DCPA;2
08-02-2022;DDLE;1
08-02-2022;DGCE;1
08-02-2022;DSCE;1
08-02-2022;MDTR;1
08-02-2022;MESP;1
08-02-2022;PEOG;2
08-02-2022;PGPC;1
08-02-2022;POPF;3
09-02-2022;CAPE;1
09-02-2022;DCPA;1
09-02-2022;DFKM;1
09-02-2022;DGGE;1
09-02-2022;DIND;1
09-02-2022;DSCE;1
09-02-2022;MDAD;1
09-02-2022;MEMG;1
09-02-2022;MEPI;1
09-02-2022;PGPC;1
10-02-2022;DCPA;2
10-02-2022;DFKM;1
10-02-2022;DFUA;1
10-02-2022;DGGE;1
10-02-2022;DPPC;1
10-02-2022;DSCE;2
10-02-2022;MNPP;1
10-02-2022;MTEM;1
10-02-2022;PMEM;1
11-02-2022;DEON;1
11-02-2022;DSMP;1
11-02-2022;MNPP;1
13-02-2022;MEPI;1
14-02-2022;DFNF;1
14-02-2022;DMTT;1
14-02-2022;MESP;1
14-02-2022;MTEM;1
14-02-2022;POPF;1
15-02-2022;MPSP;1
15-02-2022;PMEM;1
16-02-2022;DCAL;1
16-02-2022;DCLM;1
16-02-2022;DCPA;1
16-02-2022;DIND;1
16-02-2022;DLIP;1
16-02-2022;DMOR;1
16-02-2022;DSMP;1
16-02-2022;MTEM;1
17-02-2022;DCKR;1
17-02-2022;DCPA;1
17-02-2022;DDDD;1
17-02-2022;DNEO;1
17-02-2022;MCSI;1
17-02-2022;MDDE;1
17-02-2022;MEMG;1
17-02-2022;MEPI;1
18-02-2022;DFKM;1
18-02-2022;POPF;1
19-02-2022;DCPA;1
19-02-2022;DMOR;1
20-02-2022;MEPI;1
21-02-2022;DCCS;1
21-02-2022;DGCE;1
21-02-2022;DODP;1
21-02-2022;MSCM;1
22-02-2022;DCKR;1
22-02-2022;DDLE;1
22-02-2022;DDUC;1
22-02-2022;DIND;1
22-02-2022;DIOD;1
22-02-2022;MDDE;1
22-02-2022;MESP;1
23-02-2022;DCPA;1
23-02-2022;DGCE;1
23-02-2022;DMOR;1
23-02-2022;DODP;1
23-02-2022;EMCD;1
23-02-2022;MAGS;1
23-02-2022;MEDU;1
23-02-2022;PEND;1
24-02-2022;DCAA;1
24-02-2022;DCPA;1
24-02-2022;DDSC;2
24-02-2022;DEXS;1
24-02-2022;DIOD;1
24-02-2022;MFIA;1
24-02-2022;MTEM;1
25-02-2022;DERA;1
25-02-2022;DGCE;1
25-02-2022;DMTT;1
25-02-2022;DRET;1
25-02-2022;MAGS;1
27-02-2022;DIND;1
28-02-2022;DCKR;1
28-02-2022;DDSC;1
28-02-2022;DFNF;2
28-02-2022;DIME;1
28-02-2022;DIND;1
28-02-2022;DIOD;1
28-02-2022;DMTT;1
28-02-2022;DOCB;1
28-02-2022;DORE;1
28-02-2022;MDGE;2
28-02-2022;MDPE;1
28-02-2022;POPF;1
01-03-2022;DCPA;1
01-03-2022;DDUC;1
01-03-2022;DFNF;1
01-03-2022;DKAD;1
01-03-2022;DOCB;2
01-03-2022;DOCI;6
01-03-2022;DODE;3
01-03-2022;DSCE;1
01-03-2022;MDPE;2
01-03-2022;PCFA;1
01-03-2022;PEOG;1
02-03-2022;CRLH;1
02-03-2022;DDUC;1
02-03-2022;DERA;1
02-03-2022;DERS;1
02-03-2022;DESP;1
02-03-2022;DGGE;1
02-03-2022;DKAD;3
02-03-2022;DORE;1
02-03-2022;DSCE;1
02-03-2022;MDDE;1
02-03-2022;MNPP;1
02-03-2022;MTEM;1
03-03-2022;DCAA;1
03-03-2022;DDEP;1
03-03-2022;DDLE;1
03-03-2022;DDUC;1
03-03-2022;DERS;1
03-03-2022;DGCE;1
03-03-2022;DGGE;1
03-03-2022;MAGS;1
03-03-2022;MDDE;1
03-03-2022;MEPI;1
03-03-2022;PMFA;1
04-03-2022;CDPC;1
04-03-2022;DBDS;1
04-03-2022;DBPE;1
04-03-2022;DDLE;1
04-03-2022;DESP;1
04-03-2022;DETD;1
04-03-2022;DFNF;1
04-03-2022;DISI;1
04-03-2022;DKAD;1
04-03-2022;MDGE;1
04-03-2022;MEDU;1
04-03-2022;MEPI;1
04-03-2022;MHGP;2
04-03-2022;PEND;1
04-03-2022;POPF;1
05-03-2022;DCPA;1
05-03-2022;DESG;1
07-03-2022;DCPA;3
07-03-2022;DDSC;1
07-03-2022;DESG;1
07-03-2022;DEST;1
07-03-2022;DFKM;1
07-03-2022;MDDE;1
07-03-2022;MDGE;2
07-03-2022;MTEM;1
07-03-2022;PCFA;1
07-03-2022;PEOG;1
08-03-2022;CDPC;1
08-03-2022;CRCL;1
08-03-2022;DBNP;1
08-03-2022;DCGE;1
08-03-2022;DCPA;2
08-03-2022;DESG;1
08-03-2022;DETD;1
08-03-2022;DMTT;1
08-03-2022;DOCB;1
08-03-2022;DOCI;1
08-03-2022;DPEN;1
08-03-2022;MDPE;1
09-03-2022;DCPA;1
09-03-2022;DDLE;1
09-03-2022;DESP;1
09-03-2022;DESU;1
09-03-2022;DFKM;1
09-03-2022;DFNF;2
09-03-2022;DISI;1
09-03-2022;DSCE;3
09-03-2022;MDDE;1
09-03-2022;MDGE;1
09-03-2022;PEOG;1
09-03-2022;PMEM;1
10-03-2022;DCPA;1
10-03-2022;DESG;1
10-03-2022;DEST;1
10-03-2022;DESU;1
10-03-2022;DIFI;1
10-03-2022;DISI;1
10-03-2022;DODE;1
10-03-2022;DOFI;1
10-03-2022;DOPI;1
10-03-2022;DPEN;1
10-03-2022;DRET;1
10-03-2022;DSCE;1
10-03-2022;ECKI;1
10-03-2022;MDDE;1
10-03-2022;MDPE;1
10-03-2022;MEMG;1
10-03-2022;MEPI;2
11-03-2022;DCPA;1
11-03-2022;DDSC;1
11-03-2022;DERA;1
11-03-2022;DESP;1
11-03-2022;DIND;2
11-03-2022;DIQP;1
11-03-2022;DISI;1
11-03-2022;DODE;2
11-03-2022;DORE;1
11-03-2022;DPEN;3
11-03-2022;EORO;1
11-03-2022;MDPE;1
11-03-2022;MDRC;1
11-03-2022;MIIO;1
11-03-2022;PEND;2
12-03-2022;PEOG;1
13-03-2022;MFIA;1
13-03-2022;PMEM;1
14-03-2022;CRCC;1
14-03-2022;CRCL;2
14-03-2022;CRLC;1
14-03-2022;CRLH;2
14-03-2022;DBPE;1
14-03-2022;DCGE;1
14-03-2022;DCPA;1
14-03-2022;DDEP;1
14-03-2022;DDIN;1
14-03-2022;DERA;1
14-03-2022;DESP;1
14-03-2022;DGGE;1
14-03-2022;DIND;1
14-03-2022;DODP;1
14-03-2022;DRET;1
14-03-2022;DSMP;1
14-03-2022;DTIC;1
14-03-2022;MAGS;1
14-03-2022;MDAD;1
14-03-2022;MDDE;1
14-03-2022;MDTR;1
14-03-2022;POPF;1
15-03-2022;CRCC;1
15-03-2022;CRCO;1
15-03-2022;CRLC;1
15-03-2022;CRLR;1
15-03-2022;CRMM;1
15-03-2022;CRTP;1
15-03-2022;DBPE;1
15-03-2022;DCGE;1
15-03-2022;DCPA;2
15-03-2022;DDLE;1
15-03-2022;DDUC;1
15-03-2022;DGCE;1
15-03-2022;DGCU;1
15-03-2022;DIOD;1
15-03-2022;DISI;1
15-03-2022;DODP;1
15-03-2022;DRNA;1
15-03-2022;MAGS;1
15-03-2022;MDDE;1
15-03-2022;MDTR;2
15-03-2022;MESP;2
15-03-2022;POPF;1
16-03-2022;CDAS;1
16-03-2022;CDAV;1
16-03-2022;CRCO;1
16-03-2022;DBDS;1
16-03-2022;DBNP;1
16-03-2022;DCPA;1
16-03-2022;DDSC;1
16-03-2022;DECC;1
16-03-2022;DGCE;1
16-03-2022;DIND;1
16-03-2022;DOFI;2
16-03-2022;MDRC;1
16-03-2022;MDTR;2
16-03-2022;MESP;1
16-03-2022;POPF;3
17-03-2022;CRCL;1
17-03-2022;DCAA;1
17-03-2022;DCKR;1
17-03-2022;DCNI;1
17-03-2022;DCPA;1
17-03-2022;DGGE;1
17-03-2022;DIND;1
17-03-2022;DKAD;1
17-03-2022;DMOR;1
17-03-2022;DOCI;1
17-03-2022;DPEN;1
17-03-2022;DSCE;2
17-03-2022;MAGS;1
17-03-2022;MDAD;1
17-03-2022;MDTR;1
17-03-2022;MEPI;1
17-03-2022;MESP;1
17-03-2022;MTEM;1
17-03-2022;PEOG;1
17-03-2022;PESU;1
17-03-2022;POPF;1
18-03-2022;DCNI;1
18-03-2022;DCPA;2
18-03-2022;DDEP;1
18-03-2022;DDSC;3
18-03-2022;DECC;1
18-03-2022;DEON;1
18-03-2022;DERA;1
18-03-2022;DERO;1
18-03-2022;DFKM;1
18-03-2022;DNEO;1
18-03-2022;DRET;1
18-03-2022;DSCE;1
18-03-2022;DTCG;1
18-03-2022;ECNE;1
18-03-2022;MAGS;1
18-03-2022;MTEM;1
18-03-2022;PESU;1
18-03-2022;PMEM;1
19-03-2022;DODP;1
19-03-2022;PEOG;1
20-03-2022;DCPA;1
21-03-2022;CFGP;1
21-03-2022;DCAA;1
21-03-2022;DCPA;1
21-03-2022;DDLE;1
21-03-2022;DDSC;3
21-03-2022;DEST;1
21-03-2022;DIOD;1
21-03-2022;DMOR;1
21-03-2022;DODP;1
21-03-2022;DSMP;2
21-03-2022;MAGS;1
21-03-2022;MDRC;1
21-03-2022;MDTR;1
21-03-2022;MESP;1
21-03-2022;MPSP;1
21-03-2022;PEOG;1
22-03-2022;DCAA;1
22-03-2022;DCKR;2
22-03-2022;DCPA;1
22-03-2022;DDEP;1
22-03-2022;DETR;1
22-03-2022;DGCE;1
22-03-2022;DIGP;1
22-03-2022;DIND;1
22-03-2022;DLDP;2
22-03-2022;DRET;1
22-03-2022;MAGS;1
22-03-2022;MDAD;1
22-03-2022;MDDE;2
22-03-2022;MDGE;5
22-03-2022;MDRC;2
22-03-2022;MDTR;1
22-03-2022;MESP;1
22-03-2022;MIIO;1
22-03-2022;MPSP;1
22-03-2022;PEND;1
22-03-2022;POPF;6
23-03-2022;DCPA;1
23-03-2022;DDLE;1
23-03-2022;DECC;1
23-03-2022;DESU;1
23-03-2022;DFNF;2
23-03-2022;DGCE;2
23-03-2022;DIGP;1
23-03-2022;DISI;1
23-03-2022;DKAD;1
23-03-2022;DMOR;1
23-03-2022;DNEO;1
23-03-2022;DORE;1
23-03-2022;DTIC;1
23-03-2022;MAGS;1
23-03-2022;MCSI;1
23-03-2022;MDAD;1
23-03-2022;MDGE;1
23-03-2022;MDTR;3
23-03-2022;MEMG;1
23-03-2022;POPF;4
24-03-2022;CRLH;1
24-03-2022;DCKR;1
24-03-2022;DCPA;2
24-03-2022;DDCO;1
24-03-2022;DDFU;1
24-03-2022;DDLE;1
24-03-2022;DDSC;3
24-03-2022;DECC;1
24-03-2022;DESU;1
24-03-2022;DFNF;1
24-03-2022;DGCE;3
24-03-2022;DIND;2
24-03-2022;DISI;2
24-03-2022;DKAD;1
24-03-2022;DPPC;2
24-03-2022;DSCE;1
24-03-2022;DTIC;8
24-03-2022;MDAD;1
24-03-2022;MEDU;1
24-03-2022;PEOG;1
24-03-2022;PESU;1
24-03-2022;POPF;2
25-03-2022;DAES;1
25-03-2022;DAPC;1
25-03-2022;DDLE;1
25-03-2022;DDSC;1
25-03-2022;DECC;1
25-03-2022;DGCE;7
25-03-2022;DTIC;5
25-03-2022;MDAD;1
25-03-2022;MDDE;1
25-03-2022;MRAV;1
25-03-2022;MTEM;3
25-03-2022;PMFA;1
26-03-2022;DCGE;1
26-03-2022;DDLE;1
26-03-2022;MAGS;1
26-03-2022;MDDE;1
26-03-2022;MRAV;4
27-03-2022;DCAA;1
27-03-2022;DDSC;1
27-03-2022;DIND;1
27-03-2022;DISI;1
27-03-2022;DKAD;1
27-03-2022;DSMP;1
27-03-2022;MDTR;1
27-03-2022;PEON;1
28-03-2022;CPPM;1
28-03-2022;CRCC;1
28-03-2022;DDDD;1
28-03-2022;DDSC;1
28-03-2022;DECC;1
28-03-2022;DFKM;1
28-03-2022;DGCE;1
28-03-2022;DIRN;1
28-03-2022;DLIP;1
28-03-2022;DNDI;1
28-03-2022;DNEO;1
28-03-2022;DOPI;1
28-03-2022;DSCE;1
28-03-2022;MDAD;1
28-03-2022;MDDE;2
28-03-2022;MDPE;1
28-03-2022;MDTR;1
28-03-2022;MESP;1
28-03-2022;MPSP;1
28-03-2022;MRAV;3
28-03-2022;POPF;1
29-03-2022;CRCO;1
29-03-2022;CRLH;2
29-03-2022;CRMM;1
29-03-2022;DBDS;1
29-03-2022;DCAA;2
29-03-2022;DDLE;2
29-03-2022;DECC;1
29-03-2022;DGCE;3
29-03-2022;DGGE;1
29-03-2022;DIND;1
29-03-2022;DODE;1
29-03-2022;DSCE;1
29-03-2022;MDDE;1
29-03-2022;MTEM;1
29-03-2022;PEIN;1
29-03-2022;POPF;2
30-03-2022;CRCL;1
30-03-2022;DAPC;1
30-03-2022;DCAA;2
30-03-2022;DCNI;1
30-03-2022;DDEP;2
30-03-2022;DECC;1
30-03-2022;DEMA;1
30-03-2022;DERC;1
30-03-2022;DESP;1
30-03-2022;DETR;1
30-03-2022;DFUT;1
30-03-2022;DGCE;3
30-03-2022;DIND;1
30-03-2022;DISI;1
30-03-2022;DLIP;1
30-03-2022;DMCE;1
30-03-2022;DPPC;1
30-03-2022;DTIC;1
30-03-2022;MDPE;1
30-03-2022;POPF;1
31-03-2022;CRCL;1
31-03-2022;CRLH;1
31-03-2022;CRMM;1
31-03-2022;CRTP;1
31-03-2022;DCAA;2
31-03-2022;DDEP;1
31-03-2022;DETD;1
31-03-2022;DGCE;1
31-03-2022;DMTT;1
31-03-2022;DPPC;1
31-03-2022;DSCE;1
31-03-2022;DSMP;1
31-03-2022;MAGS;1
31-03-2022;MDAD;3
31-03-2022;MDDE;1
31-03-2022;MDPE;1
31-03-2022;MFIA;1
31-03-2022;MTEM;1
31-03-2022;PEOG;1
31-03-2022;POPF;2
01-04-2022;CRLH;2
01-04-2022;DCKR;2
01-04-2022;DESU;1
01-04-2022;DGCE;1
01-04-2022;DMTT;1
01-04-2022;DSCE;1
01-04-2022;DSGP;1
01-04-2022;DTIC;1
01-04-2022;MDDE;2
01-04-2022;MDGE;1
01-04-2022;MDTR;1
01-04-2022;MEMG;1
02-04-2022;DCNI;1
02-04-2022;DDSC;1
02-04-2022;DGCE;1
02-04-2022;DISI;1
02-04-2022;MDPE;1
03-04-2022;DAAG;1
03-04-2022;DGCE;1
03-04-2022;DIME;1
03-04-2022;POPF;1
04-04-2022;CRLC;1
04-04-2022;CRLH;1
04-04-2022;CRMM;1
04-04-2022;DCAA;2
04-04-2022;DESU;1
04-04-2022;DIND;1
04-04-2022;DISI;1
04-04-2022;DMCE;1
04-04-2022;DODP;1
04-04-2022;DSMP;1
04-04-2022;MAGS;1
04-04-2022;MDTR;1
04-04-2022;MEMG;1
04-04-2022;MFIA;1
04-04-2022;PEOG;1
05-04-2022;CRLH;1
05-04-2022;CRLR;1
05-04-2022;DCAA;1
05-04-2022;DCKR;1
05-04-2022;DDIE;1
05-04-2022;DERA;1
05-04-2022;DGCU;1
05-04-2022;DMCE;3
05-04-2022;DMTT;2
05-04-2022;DPPC;1
05-04-2022;MAGS;1
05-04-2022;MDGE;1
05-04-2022;MFIA;1
06-04-2022;DECC;1
06-04-2022;DEXS;1
06-04-2022;DGCE;1
06-04-2022;DGLO;1
06-04-2022;DIME;1
06-04-2022;DRET;1
06-04-2022;DSMP;2
06-04-2022;MAGS;1
06-04-2022;MDGE;1
06-04-2022;MDPE;1
06-04-2022;MFIA;1
06-04-2022;PEOG;1
06-04-2022;POPF;1
07-04-2022;CRCO;1
07-04-2022;CRLC;2
07-04-2022;CRLH;4
07-04-2022;CRMM;1
07-04-2022;DAAG;1
07-04-2022;DEXS;2
07-04-2022;DFKM;1
07-04-2022;DGCE;1
07-04-2022;DIND;1
07-04-2022;DKAD;1
07-04-2022;DRNA;1
07-04-2022;MAGS;1
07-04-2022;MDDE;1
07-04-2022;MDGE;3
07-04-2022;PEOG;1
08-04-2022;CRLH;1
08-04-2022;DAAG;1
08-04-2022;DASD;1
08-04-2022;DCNI;1
08-04-2022;DCPA;2
08-04-2022;DDLE;2
08-04-2022;DEXC;1
08-04-2022;DGCE;1
08-04-2022;DODP;1
08-04-2022;DOIA;2
08-04-2022;MDDE;1
08-04-2022;MPSP;1
09-04-2022;DEST;1
10-04-2022;DGCE;1
11-04-2022;DDEP;1
11-04-2022;DDLE;1
11-04-2022;DGCE;1
11-04-2022;DGGE;2
11-04-2022;DGRC;2
11-04-2022;DIND;2
11-04-2022;DISI;1
11-04-2022;DKAD;1
11-04-2022;DMTT;1
11-04-2022;DRET;1
11-04-2022;EMAN;3
11-04-2022;EMCG;1
11-04-2022;EMMI;2
11-04-2022;MDDE;2
11-04-2022;MDRC;2
11-04-2022;POPF;1
12-04-2022;CGIE;1
12-04-2022;CRCC;1
12-04-2022;CRLH;1
12-04-2022;CRMM;1
12-04-2022;DDEP;1
12-04-2022;DFKM;1
12-04-2022;DFUT;1
12-04-2022;DISI;1
12-04-2022;DMFD;23
12-04-2022;DMTT;1
12-04-2022;DODE;2
12-04-2022;DRET;1
12-04-2022;DRNA;1
12-04-2022;EMAN;1
12-04-2022;EMNE;1
12-04-2022;EMOT;1
12-04-2022;MAGS;1
12-04-2022;MFIA;1
12-04-2022;PEON;1
13-04-2022;CGIE;1
13-04-2022;CRCL;1
13-04-2022;CRLC;1
13-04-2022;CRLH;2
13-04-2022;DDDD;1
13-04-2022;DECC;1
13-04-2022;DESU;1
13-04-2022;DFKM;1
13-04-2022;DMTT;2
13-04-2022;DODE;1
13-04-2022;DRNA;1
13-04-2022;EMMI;1
13-04-2022;EMOT;1
13-04-2022;EMPS;1
13-04-2022;MDPE;1
14-04-2022;CGIE;1
14-04-2022;CRCC;1
14-04-2022;CRLC;1
14-04-2022;DCKR;1
14-04-2022;DDDD;1
14-04-2022;DDIN;2
14-04-2022;DDLE;1
14-04-2022;DFNF;1
14-04-2022;DGGE;1
14-04-2022;DIND;1
14-04-2022;DODE;2
14-04-2022;EMNE;1
14-04-2022;EMPE;2
14-04-2022;MDTR;1
15-04-2022;CRLH;1
15-04-2022;DCAA;1
16-04-2022;PEOG;1
18-04-2022;CFGP;1
18-04-2022;CGIE;1
18-04-2022;CMRS;1
18-04-2022;DBPE;1
18-04-2022;DCAA;1
18-04-2022;DDCO;1
18-04-2022;DDEP;2
18-04-2022;DDIN;1
18-04-2022;DFUT;2
18-04-2022;DGCE;1
18-04-2022;DNDI;1
18-04-2022;DODE;14
18-04-2022;EMMI;1
18-04-2022;MAGS;1
18-04-2022;MFIA;1
18-04-2022;PESU;2
18-04-2022;POPF;1
19-04-2022;CRCC;1
19-04-2022;CRCL;1
19-04-2022;DCAA;1
19-04-2022;DDIN;1
19-04-2022;DETR;1
19-04-2022;DEXS;1
19-04-2022;DFUT;1
19-04-2022;DGCE;2
19-04-2022;DGCU;1
19-04-2022;DGGE;2
19-04-2022;DIGP;1
19-04-2022;DIND;3
19-04-2022;DMCE;2
19-04-2022;DMTT;1
19-04-2022;DSMP;2
19-04-2022;DTIC;1
19-04-2022;EMAN;2
19-04-2022;EMRA;1
20-04-2022;CGIE;1
20-04-2022;CRLH;1
20-04-2022;DCAA;1
20-04-2022;DCAL;2
20-04-2022;DDEP;1
20-04-2022;DDLE;1
20-04-2022;DECC;1
20-04-2022;DGLO;1
20-04-2022;DIDS;1
20-04-2022;DTIC;1
21-04-2022;CRCC;1
21-04-2022;CRCL;1
21-04-2022;CRLH;1
21-04-2022;DCKR;1
21-04-2022;DDLE;2
21-04-2022;DGCE;2
21-04-2022;DMTT;1
21-04-2022;EMUR;1
21-04-2022;MDTR;1
21-04-2022;PEIN;1
22-04-2022;CRLC;1
22-04-2022;DCAA;2
22-04-2022;DCKR;1
22-04-2022;DCPA;1
22-04-2022;DDIN;1
22-04-2022;DECC;1
22-04-2022;DGCE;1
22-04-2022;DGCU;1
22-04-2022;DIND;2
22-04-2022;DISI;1
22-04-2022;DKAD;1
22-04-2022;DMCE;1
24-04-2022;CRLH;1
24-04-2022;DSMP;1
25-04-2022;CRCC;1
25-04-2022;CRLC;2
25-04-2022;DAAG;1
25-04-2022;DECC;1
25-04-2022;DEXS;2
25-04-2022;DFUA;1
25-04-2022;DGCE;2
25-04-2022;DSMP;1
25-04-2022;EPCC;1
25-04-2022;PEOG;1
26-04-2022;CRLC;1
26-04-2022;CRLH;1
26-04-2022;DBDS;1
26-04-2022;DCKR;1
26-04-2022;DETR;1
26-04-2022;DFUT;2
26-04-2022;DPAD;1
26-04-2022;PEOG;1
27-04-2022;CGIE;1
27-04-2022;CMIE;1
27-04-2022;CRLC;2
27-04-2022;CRLH;2
27-04-2022;DCKR;1
27-04-2022;DDCO;1
27-04-2022;DESU;1
27-04-2022;DGCI;1
27-04-2022;DGCU;1
27-04-2022;DPPC;1
27-04-2022;MDTR;1
28-04-2022;CGIE;1
28-04-2022;CKGI;1
28-04-2022;CRCC;2
28-04-2022;CRLC;3
28-04-2022;CRLH;8
28-04-2022;DBPE;1
28-04-2022;DCAL;1
28-04-2022;DECC;1
28-04-2022;DESU;1
28-04-2022;DFKM;1
28-04-2022;DGCE;2
28-04-2022;DGGE;1
28-04-2022;DIDS;1
28-04-2022;DIME;1
28-04-2022;DMFD;2
28-04-2022;MDRC;2
29-04-2022;CMPP;1
29-04-2022;CRCC;2
29-04-2022;CRCL;1
29-04-2022;CRCO;1
29-04-2022;CRLC;4
29-04-2022;CRLH;6
29-04-2022;CRLR;1
29-04-2022;CRMM;1
29-04-2022;CRTP;2
29-04-2022;DCAL;1
29-04-2022;DECC;1
29-04-2022;DEON;1
29-04-2022;DETR;1
29-04-2022;DFKM;1
29-04-2022;DGCE;2
29-04-2022;DMSI;1
29-04-2022;DODP;1
29-04-2022;DTIC;1
29-04-2022;EPCP;1
30-04-2022;CPAD;1
30-04-2022;DFKM;1
30-04-2022;DGCE;1
01-05-2022;CMIE;1
01-05-2022;PEOG;1
02-05-2022;CGIE;1
02-05-2022;CRCL;2
02-05-2022;CRLH;1
02-05-2022;CRTP;1
02-05-2022;DCKR;1
02-05-2022;DEST;6
02-05-2022;DETR;1
02-05-2022;DGLO;1
02-05-2022;DIME;2
02-05-2022;DMFD;1
02-05-2022;EMCA;1
02-05-2022;MDGE;1
03-05-2022;CGIE;2
03-05-2022;CMIE;1
03-05-2022;CRCC;2
03-05-2022;CRLH;1
03-05-2022;CRLR;1
03-05-2022;CRMM;1
03-05-2022;DBDS;1
03-05-2022;DCAA;1
03-05-2022;DCNI;1
03-05-2022;DEST;4
03-05-2022;DEXS;2
03-05-2022;DFNF;1
03-05-2022;DGCE;1
03-05-2022;DIQP;1
03-05-2022;DNDI;1
03-05-2022;DSMP;1
03-05-2022;MAGS;1
03-05-2022;MTEM;1
03-05-2022;PMFA;1
04-05-2022;CGIE;5
04-05-2022;CRMM;1
04-05-2022;CRTP;1
04-05-2022;DDIN;1
04-05-2022;DDLE;1
04-05-2022;DEST;3
04-05-2022;DFUT;1
04-05-2022;DGCE;2
04-05-2022;DGGE;1
04-05-2022;DIQP;1
04-05-2022;DISI;1
04-05-2022;DPPC;1
04-05-2022;DSAA;1
05-05-2022;COGP;1
05-05-2022;CRCC;1
05-05-2022;CRCL;1
05-05-2022;CRLC;1
05-05-2022;DFKM;1
05-05-2022;DGCU;2
05-05-2022;DIME;2
05-05-2022;DMCE;1
05-05-2022;DMSI;2
05-05-2022;EPES;1
05-05-2022;EPRR;1
05-05-2022;MDPE;1
06-05-2022;CGIE;12
06-05-2022;CMPP;1
06-05-2022;CPAD;1
06-05-2022;DDLE;1
06-05-2022;DFKM;1
06-05-2022;DIDS;1
06-05-2022;DIME;2
06-05-2022;DSMP;1
07-05-2022;DEMA;1
07-05-2022;EPTO;1
08-05-2022;CRCL;1
08-05-2022;CRMM;1
08-05-2022;DESU;1
09-05-2022;CGIE;2
09-05-2022;CRLH;2
09-05-2022;DEMA;1
09-05-2022;DEST;2
09-05-2022;DFNF;1
09-05-2022;DGCU;1
09-05-2022;DIDS;1
09-05-2022;DISI;1
09-05-2022;EPCM;1
09-05-2022;PEOG;1
10-05-2022;CGIE;8
10-05-2022;DEMA;1
10-05-2022;DETR;1
10-05-2022;DISI;1
10-05-2022;EPES;1
11-05-2022;CGIE;4
11-05-2022;CMIE;1
11-05-2022;CRCL;1
11-05-2022;CRCO;1
11-05-2022;CRMM;1
11-05-2022;DDLE;1
11-05-2022;DECC;1
11-05-2022;DEST;2
11-05-2022;DESU;1
11-05-2022;EPRR;1
11-05-2022;PEOG;1
12-05-2022;CAGR;2
12-05-2022;CGIE;12
12-05-2022;CIEX;1
12-05-2022;CRCL;2
12-05-2022;CRMM;2
12-05-2022;DDIN;1
12-05-2022;DEMA;1
12-05-2022;DEST;2
12-05-2022;DESU;2
12-05-2022;DFNF;2
12-05-2022;DGLO;1
12-05-2022;DIND;1
12-05-2022;DISI;1
12-05-2022;DNDI;1
12-05-2022;EPHA;1
13-05-2022;CGIE;20
13-05-2022;CRLR;1
13-05-2022;CRTP;1
13-05-2022;DDLE;2
13-05-2022;DEON;1
13-05-2022;DEST;1
13-05-2022;DEXS;2
13-05-2022;DGCU;1
13-05-2022;DIGP;1
13-05-2022;DIME;1
13-05-2022;ECTS;1
13-05-2022;EPIM;1
13-05-2022;PEOG;1
14-05-2022;CRCL;1
14-05-2022;CRCO;1
14-05-2022;CRLR;1
15-05-2022;EPTO;1
16-05-2022;CLPJ;1
16-05-2022;CRCL;1
16-05-2022;DCAL;1
16-05-2022;DDUC;1
16-05-2022;DEST;2
16-05-2022;DESU;1
16-05-2022;DFUA;1
16-05-2022;DGCE;1
16-05-2022;DGCU;1
16-05-2022;DIRN;1
16-05-2022;DRNA;1
16-05-2022;PEOG;1
17-05-2022;CLPJ;7
17-05-2022;DCAA;1
17-05-2022;DEST;1
17-05-2022;DEXS;1
17-05-2022;DFKM;1
17-05-2022;DFNF;1
17-05-2022;DFUT;2
17-05-2022;EMAN;1
17-05-2022;EMDE;1
17-05-2022;EMMI;2
17-05-2022;EMOG;1
17-05-2022;EMRA;1
17-05-2022;MDTR;1
18-05-2022;CGIE;1
18-05-2022;CRCL;1
18-05-2022;CRLR;1
18-05-2022;DERA;2
18-05-2022;DESU;1
18-05-2022;DEXS;1
18-05-2022;DFUT;2
18-05-2022;DISI;1
18-05-2022;EMMI;1
18-05-2022;EMOM;1
18-05-2022;EMOT;1
18-05-2022;EMPE;1
18-05-2022;EPTC;1
18-05-2022;MDTR;1
18-05-2022;PEOG;1
18-05-2022;PMFA;1
19-05-2022;CGIE;3
19-05-2022;CKGI;1
19-05-2022;CPAD;1
19-05-2022;CPAP;1
19-05-2022;DASD;1
19-05-2022;DCAA;1
19-05-2022;DCAL;2
19-05-2022;DCEC;1
19-05-2022;DEON;1
19-05-2022;DEXS;2
19-05-2022;DGCI;1
19-05-2022;DGLO;1
19-05-2022;DIRN;1
19-05-2022;DMCE;1
19-05-2022;DORE;1
19-05-2022;EMFL;2
19-05-2022;EMOF;1
19-05-2022;EMOG;1
19-05-2022;EMOT;2
19-05-2022;EMPE;1
19-05-2022;EMRA;1
20-05-2022;DNDI;1
20-05-2022;EMOT;1
20-05-2022;EMPS;1
22-05-2022;CMIE;1
22-05-2022;DISI;1
22-05-2022;EMCA;1
23-05-2022;CRCL;1
23-05-2022;CRLR;3
23-05-2022;CRMM;2
23-05-2022;DASD;1
23-05-2022;DEXS;1
23-05-2022;DFNF;2
23-05-2022;DFUT;2
23-05-2022;DGCU;1
23-05-2022;DMFD;2
23-05-2022;EMCG;1
23-05-2022;EMMI;1
23-05-2022;EMOF;1
23-05-2022;EMOT;1
23-05-2022;EMPS;1
24-05-2022;CGIE;1
24-05-2022;CRCL;3
24-05-2022;CRLR;2
24-05-2022;DDLE;1
24-05-2022;DDOR;1
24-05-2022;DERA;1
24-05-2022;DEXS;1
24-05-2022;DFNF;1
24-05-2022;DFUT;1
24-05-2022;DGCI;1
24-05-2022;DMSI;2
24-05-2022;EMAN;1
24-05-2022;EMNE;1
24-05-2022;EMOG;1
25-05-2022;CLPJ;20
25-05-2022;CRCL;3
25-05-2022;CRLR;2
25-05-2022;DCAL;1
25-05-2022;DDCO;1
25-05-2022;DDLE;1
25-05-2022;DDUC;1
25-05-2022;DEXS;2
25-05-2022;DFNF;2
25-05-2022;DFUT;1
25-05-2022;DIRN;1
25-05-2022;DISI;2
25-05-2022;ECCG;1
25-05-2022;EMUG;2
25-05-2022;PEIN;1
26-05-2022;CRCL;1
26-05-2022;CRCO;1
26-05-2022;CRLR;1
26-05-2022;DCEC;2
26-05-2022;DDLE;3
26-05-2022;DEON;1
26-05-2022;DMFD;1
26-05-2022;EMCG;1
26-05-2022;EMUG;2
26-05-2022;MDTR;1
26-05-2022;MEMG;1
26-05-2022;PEOG;1
27-05-2022;CGIE;2
27-05-2022;CRLR;1
27-05-2022;DCAL;1
27-05-2022;DDLE;1
27-05-2022;DESU;1
27-05-2022;DFNF;2
27-05-2022;DFUA;1
27-05-2022;DISI;1
27-05-2022;DMSI;1
27-05-2022;DNDI;1
27-05-2022;EMCC;1
27-05-2022;EMRA;1
27-05-2022;EMUG;1
27-05-2022;MAFM;1
27-05-2022;MEMG;1
27-05-2022;PEOG;2
27-05-2022;POPF;1
28-05-2022;CRCL;1
28-05-2022;CRMM;1
29-05-2022;EPAN;1
30-05-2022;CGIE;5
30-05-2022;CRLR;1
30-05-2022;CRMM;1
30-05-2022;DDCO;1
30-05-2022;DDIN;2
30-05-2022;DFNF;1
30-05-2022;DISI;1
30-05-2022;DNDI;1
30-05-2022;ECCG;1
30-05-2022;EMMI;1
30-05-2022;EMUG;1
31-05-2022;CRCL;2
31-05-2022;CRCO;1
31-05-2022;CRMM;1
31-05-2022;CRTP;1
31-05-2022;DASD;1
31-05-2022;DDIN;1
31-05-2022;DDLE;1
31-05-2022;DDPC;1
31-05-2022;DESU;1
31-05-2022;DEXS;4
31-05-2022;DFNF;2
31-05-2022;DFUT;1
31-05-2022;MFIA;1
31-05-2022;PMFA;1
01-06-2022;CRCL;4
01-06-2022;CRCO;1
01-06-2022;CRLR;2
01-06-2022;DDIN;5
01-06-2022;DDLE;3
01-06-2022;DFNF;2
01-06-2022;DIDS;1
02-06-2022;CGIE;1
02-06-2022;CRCL;2
02-06-2022;CRLR;1
02-06-2022;CRTP;1
02-06-2022;DDLE;1
02-06-2022;DEXS;1
02-06-2022;DIME;2
02-06-2022;DISI;1
02-06-2022;MDEP;1
03-06-2022;CPEC;1
03-06-2022;CRCL;4
03-06-2022;CRCO;4
03-06-2022;CRLR;3
03-06-2022;CRMM;2
03-06-2022;DCAL;1
03-06-2022;DDFU;1
03-06-2022;DDPR;1
03-06-2022;DEXS;1
03-06-2022;DFNF;1
03-06-2022;DGCE;1
03-06-2022;DISI;1
03-06-2022;DLDP;1
03-06-2022;EMMI;2
04-06-2022;CRLR;1
04-06-2022;DEXS;1
04-06-2022;POPF;1
05-06-2022;CRCL;1
05-06-2022;CRLR;2
06-06-2022;CRCO;1
06-06-2022;CRLR;1
06-06-2022;CRTP;1
06-06-2022;DGCI;1
06-06-2022;POPF;1
07-06-2022;CGIE;1
07-06-2022;CHSL;1
07-06-2022;CRCO;1
07-06-2022;CRLR;3
07-06-2022;CRMM;1
07-06-2022;DLDP;1
07-06-2022;MDTR;1
08-06-2022;CRLR;1
08-06-2022;DCGE;1
08-06-2022;DETD;1
08-06-2022;DEXS;3
08-06-2022;DOCM;1
08-06-2022;DRNA;1
08-06-2022;MDGE;1
08-06-2022;PMFA;1
09-06-2022;DCAA;1
09-06-2022;DCAL;1
09-06-2022;DPRO;1
09-06-2022;DRNA;1
09-06-2022;EMCG;1
09-06-2022;EMDE;1
09-06-2022;EMRA;1
09-06-2022;EMUG;1
09-06-2022;MFIA;1
10-06-2022;CBFE;1
10-06-2022;CEXS;1
10-06-2022;CRCO;1
10-06-2022;CRMM;1
10-06-2022;DASD;1
10-06-2022;DCAL;2
10-06-2022;DCEC;1
10-06-2022;DDIN;1
10-06-2022;DEON;1
10-06-2022;DEXC;1
10-06-2022;DIDS;1
10-06-2022;ECUR;1
10-06-2022;EMAN;1
10-06-2022;EMCD;1
10-06-2022;EMMI;1
10-06-2022;EMNE;1
10-06-2022;EMOT;1
10-06-2022;EMRA;1
10-06-2022;MDEP;1
10-06-2022;MEMG;1
11-06-2022;MHGP;1
12-06-2022;MFIA;1
13-06-2022;CETC;1
13-06-2022;CRMM;2
13-06-2022;DASD;3
13-06-2022;DCAA;1
13-06-2022;DMSI;1
13-06-2022;EMAN;1
13-06-2022;EMDE;1
13-06-2022;EMFL;1
13-06-2022;EMMI;2
13-06-2022;EMOG;1
13-06-2022;EMUG;1
13-06-2022;POPF;1
14-06-2022;CGRM;2
14-06-2022;CPAD;1
14-06-2022;CPOP;1
14-06-2022;CRLR;1
14-06-2022;CRMM;1
14-06-2022;DASD;1
14-06-2022;DCGE;1
14-06-2022;DDDD;2
14-06-2022;DEXS;1
14-06-2022;DPIM;1
14-06-2022;EMCV;1
14-06-2022;EMUG;1
15-06-2022;CRTP;2
15-06-2022;CTDS;1
15-06-2022;CTEI;1
15-06-2022;DCEC;1
15-06-2022;DDUC;1
15-06-2022;DFNF;1
15-06-2022;DIDS;1
15-06-2022;EMMT;1
15-06-2022;MADP;1
16-06-2022;CRMM;1
16-06-2022;DCEC;1
16-06-2022;DCGE;1
16-06-2022;DEMA;1
16-06-2022;DFUA;1
16-06-2022;DMSI;1
16-06-2022;ECCT;1
16-06-2022;PMFA;1
17-06-2022;CGIE;1
17-06-2022;DDIN;1
17-06-2022;DFNF;1
17-06-2022;EPFR;1
17-06-2022;MADP;1
17-06-2022;PEOG;1
20-06-2022;CRMM;3
20-06-2022;DIDS;2
20-06-2022;DMSI;1
20-06-2022;DOFI;1
21-06-2022;DDUC;1
22-06-2022;CDSI;8
22-06-2022;CFDC;12
22-06-2022;DCEC;5
22-06-2022;EMCP;1
22-06-2022;MADP;1
22-06-2022;MAFM;1
23-06-2022;CGIE;1
23-06-2022;CRMM;2
23-06-2022;DGCE;1
23-06-2022;DIDS;1
24-06-2022;CDSI;1
24-06-2022;DDUC;1
24-06-2022;DPSM;1
24-06-2022;MFIA;1
25-06-2022;MFIA;1
26-06-2022;CRMM;1
26-06-2022;DGCI;1
27-06-2022;CRTP;1
28-06-2022;CDSI;1
28-06-2022;CRMM;1
28-06-2022;DCEC;1
28-06-2022;DCTA;1
28-06-2022;DEXS;1
28-06-2022;DGCE;2
28-06-2022;POPF;1
29-06-2022;CRMM;2
29-06-2022;CRTP;6
29-06-2022;DCAA;1
29-06-2022;DCEC;1
29-06-2022;DCGE;1
29-06-2022;DDUC;1
29-06-2022;DGCE;1
29-06-2022;DLDP;1
29-06-2022;DPSM;1
29-06-2022;RCME;1
30-06-2022;CIAE;1
30-06-2022;CRMM;12
30-06-2022;CRTP;4
30-06-2022;DBDS;1
30-06-2022;DCGE;1
30-06-2022;DDPC;1
30-06-2022;DDUC;1
30-06-2022;DGLO;1
30-06-2022;DPIM;1
30-06-2022;DSAA;1
30-06-2022;MFIA;1
01-07-2022;CFDC;1
01-07-2022;CRMM;3
01-07-2022;CRTP;1
01-07-2022;DDCO;2
01-07-2022;DIDS;3
01-07-2022;EMNE;1
01-07-2022;MADP;1
01-07-2022;MEMG;1
02-07-2022;DNEO;1
04-07-2022;CGIE;5
04-07-2022;CRMM;3
04-07-2022;DDCO;3
04-07-2022;DDPC;1
04-07-2022;DEON;1
04-07-2022;DETD;1
04-07-2022;DFUA;1
04-07-2022;DIRN;1
04-07-2022;DNEO;1
04-07-2022;DPSM;1
04-07-2022;DSAA;1
04-07-2022;PMFA;1
05-07-2022;CGIE;10
05-07-2022;CRTP;1
05-07-2022;DGLO;1
05-07-2022;POPF;2
06-07-2022;CGIE;1
06-07-2022;DBDS;1
06-07-2022;DCEC;1
06-07-2022;DDCO;2
06-07-2022;DESU;1
06-07-2022;DGCE;1
06-07-2022;DGCI;1
06-07-2022;MFIA;1
06-07-2022;POPF;2
07-07-2022;CGIE;4
07-07-2022;CRTP;1
07-07-2022;DCGE;1
07-07-2022;DGCE;1
07-07-2022;DGLO;1
07-07-2022;MFIA;1
08-07-2022;CGIE;4
08-07-2022;DGCE;1
08-07-2022;DGLO;1
08-07-2022;DNEO;1
10-07-2022;DDUC;1
10-07-2022;PMFA;1
10-07-2022;POPF;1
11-07-2022;CGIE;6
11-07-2022;CMCO;1
11-07-2022;CRCE;1
11-07-2022;DCEC;1
11-07-2022;DCLM;1
11-07-2022;DDUC;1
11-07-2022;DFNF;1
11-07-2022;DGCE;1
11-07-2022;DGTO;1
11-07-2022;DIPP;1
11-07-2022;DODE;1
11-07-2022;DSGP;1
11-07-2022;MFIA;1
11-07-2022;POPF;2
12-07-2022;CGIE;4
12-07-2022;DGCE;1
12-07-2022;DSAA;1
12-07-2022;MAFM;1
13-07-2022;CGIE;3
13-07-2022;CRCE;1
13-07-2022;DEMA;1
13-07-2022;EPMS;1
14-07-2022;CGIE;20
14-07-2022;DDUC;1
14-07-2022;DEON;1
14-07-2022;MFIA;2
15-07-2022;CGIE;2
15-07-2022;DDUC;1
15-07-2022;DPDU;35
15-07-2022;DPSM;1
15-07-2022;ECAI;1
15-07-2022;EMMI;1
15-07-2022;EPTU;1
16-07-2022;CEXS;1
16-07-2022;DNEO;1
17-07-2022;DGLO;1
18-07-2022;CGPR;1
18-07-2022;CMCO;1
18-07-2022;MFIA;2
18-07-2022;POPF;1
19-07-2022;DCAA;1
19-07-2022;DDIE;1
19-07-2022;DEON;4
19-07-2022;DPSM;1
19-07-2022;MAFM;2
19-07-2022;MFIA;1
19-07-2022;PMFA;6
20-07-2022;DDUC;1
20-07-2022;DEON;1
20-07-2022;DETD;1
20-07-2022;DEXS;1
20-07-2022;DIDS;1
20-07-2022;DMFD;29
20-07-2022;DMSI;1
20-07-2022;MCSI;11
20-07-2022;PMFA;1
21-07-2022;CACL;1
21-07-2022;DBDS;1
21-07-2022;DDOR;1
21-07-2022;DESP;1
21-07-2022;DEXS;1
21-07-2022;DGLO;1
21-07-2022;DMSI;2
21-07-2022;DORE;1
21-07-2022;DPSM;1
21-07-2022;MCSI;6
21-07-2022;MEMG;1
21-07-2022;POPF;1
22-07-2022;DASP;1
22-07-2022;DBDS;2
22-07-2022;DDOR;1
22-07-2022;DEON;1
22-07-2022;DGLO;1
22-07-2022;DIQP;1
22-07-2022;DNDI;1
22-07-2022;MADP;2
22-07-2022;MFIA;1
22-07-2022;MNPP;1
23-07-2022;MDDE;1
24-07-2022;DEON;1
25-07-2022;DCAA;2
25-07-2022;DDUC;2
25-07-2022;DEXC;1
25-07-2022;DMSI;1
25-07-2022;DNDI;1
25-07-2022;DORE;1
25-07-2022;DPSM;1
25-07-2022;MADP;1
25-07-2022;MFIA;1
25-07-2022;POPF;1
26-07-2022;CGIE;2
26-07-2022;CRMM;1
26-07-2022;CRTP;1
26-07-2022;DDOR;1
26-07-2022;DDUC;1
26-07-2022;DEMA;1
26-07-2022;DMSI;1
26-07-2022;MAFM;1
26-07-2022;MFIA;4
27-07-2022;CGPR;1
27-07-2022;DASP;1
27-07-2022;DCTA;1
27-07-2022;DDPC;1
27-07-2022;DDUC;1
27-07-2022;DEON;1
27-07-2022;DGCE;2
27-07-2022;DGLO;2
27-07-2022;DPRO;1
27-07-2022;EMCV;1
27-07-2022;EPAC;1
27-07-2022;MADP;2
27-07-2022;RCME;1
28-07-2022;CGIE;1
28-07-2022;DGCE;1
28-07-2022;DIRN;1
28-07-2022;DMFD;6
28-07-2022;DMSI;1
28-07-2022;DPRO;1
28-07-2022;MADP;2
28-07-2022;MEMG;1
28-07-2022;MFIA;1
28-07-2022;PMFA;1
28-07-2022;RCME;1
29-07-2022;CGIE;1
29-07-2022;DFUA;1
29-07-2022;DGCE;1
29-07-2022;MADP;1
29-07-2022;MAFM;1
29-07-2022;MFIA;1
29-07-2022;PMFA;1
30-07-2022;CRMM;1
01-08-2022;CGIE;1
01-08-2022;CINS;1
01-08-2022;DCAA;1
01-08-2022;DDPC;1
01-08-2022;DEMA;1
01-08-2022;DGCE;1
01-08-2022;DGRC;1
01-08-2022;DMSI;1
01-08-2022;ECNE;1
01-08-2022;MAFM;1
01-08-2022;POPF;2
02-08-2022;CGIE;5
02-08-2022;CRLR;1
02-08-2022;DCGE;1
02-08-2022;DDIE;1
02-08-2022;DDPC;1
02-08-2022;DEON;1
02-08-2022;DEXS;1
02-08-2022;DGLO;1
02-08-2022;DMFD;1
02-08-2022;MADP;1
02-08-2022;MFIA;2
02-08-2022;MHGP;1
02-08-2022;PMFA;2
03-08-2022;CRLH;1
03-08-2022;CRLR;1
03-08-2022;DCEC;1
03-08-2022;DDPC;1
03-08-2022;DEXS;1
03-08-2022;DFUA;1
03-08-2022;DGCE;1
03-08-2022;DPSM;1
03-08-2022;EMOT;1
03-08-2022;MADP;1
03-08-2022;MFIA;2
03-08-2022;PMFA;1
04-08-2022;CRLH;1
04-08-2022;CRLR;1
04-08-2022;CRMM;1
04-08-2022;DCAA;1
04-08-2022;DCLM;1
04-08-2022;DDPC;2
04-08-2022;DDUC;2
04-08-2022;DEON;1
04-08-2022;DETD;1
04-08-2022;DFUA;1
04-08-2022;DGCE;1
04-08-2022;DPSM;1
04-08-2022;MADP;1
04-08-2022;PEON;1
04-08-2022;POPF;1
05-08-2022;CGIE;2
05-08-2022;DCEC;1
05-08-2022;DDUC;3
05-08-2022;DEMA;1
05-08-2022;DEXS;1
05-08-2022;DGCE;1
05-08-2022;DPIM;1
05-08-2022;MADP;1
06-08-2022;DDUC;1
06-08-2022;MFIA;1
07-08-2022;DDPC;1
07-08-2022;MADP;1
08-08-2022;CGIE;2
08-08-2022;CLEE;50
08-08-2022;CRLH;1
08-08-2022;CRLR;2
08-08-2022;DCAL;1
08-08-2022;DCEC;1
08-08-2022;DDPC;1
08-08-2022;DGCE;1
09-08-2022;CGIE;1
09-08-2022;DCEC;1
09-08-2022;DDUC;1
09-08-2022;DEXS;1
09-08-2022;MADP;2
09-08-2022;MEPI;1
10-08-2022;CIEE;1
10-08-2022;CRLH;1
10-08-2022;CRLR;2
10-08-2022;CRMM;1
10-08-2022;DDUC;1
10-08-2022;DGLO;1
10-08-2022;MADP;2
10-08-2022;POPF;1
11-08-2022;CGIE;2
11-08-2022;CIEE;1
11-08-2022;CRMM;1
11-08-2022;DCLM;1
11-08-2022;DDPC;1
11-08-2022;DEMA;1
11-08-2022;DGCE;1
11-08-2022;DGRC;1
11-08-2022;DLGC;1
11-08-2022;MADP;2
11-08-2022;MSCF;1
11-08-2022;PMFA;1
12-08-2022;CIAE;1
12-08-2022;CRMM;1
12-08-2022;DCEC;1
12-08-2022;DDPC;1
12-08-2022;DDUC;1
12-08-2022;DGCE;1
12-08-2022;DGRC;1
12-08-2022;MADP;1
14-08-2022;DEON;1
16-08-2022;CRLH;2
16-08-2022;CRMM;1
16-08-2022;CRTP;1
16-08-2022;DASP;1
16-08-2022;DFUA;1
16-08-2022;DGCE;3
16-08-2022;DSAA;1
16-08-2022;MAFM;1
16-08-2022;PMFA;2
17-08-2022;CGIE;1
17-08-2022;CRLH;1
17-08-2022;DCGE;1
17-08-2022;DCLM;1
17-08-2022;DDFU;1
17-08-2022;DGLO;1
17-08-2022;DIRN;1
17-08-2022;DPIM;1
17-08-2022;PMFA;2
18-08-2022;CGIE;1
18-08-2022;COCC;1
18-08-2022;DCEC;1
18-08-2022;DDPC;2
18-08-2022;DEMA;2
18-08-2022;DIPP;1
18-08-2022;DPRO;1
18-08-2022;DRGP;1
19-08-2022;CRMM;2
19-08-2022;DDPC;1
19-08-2022;DGLO;1
19-08-2022;DPIM;1
19-08-2022;DSAA;1
19-08-2022;MADP;2
19-08-2022;MDDE;1
19-08-2022;POPF;1
20-08-2022;CRMM;1
21-08-2022;DCAA;1
22-08-2022;CCVG;26
22-08-2022;CGIE;1
22-08-2022;CRMM;1
22-08-2022;DCAA;2
22-08-2022;DEMA;3
22-08-2022;DFUA;1
22-08-2022;DGLO;1
22-08-2022;MADP;1
22-08-2022;MFIA;1
22-08-2022;PEOG;1
22-08-2022;POPF;1
23-08-2022;CEES;1
23-08-2022;CGIE;3
23-08-2022;CRMM;1
23-08-2022;CRRF;1
23-08-2022;CTDI;1
23-08-2022;DCGE;1
23-08-2022;DFUA;1
23-08-2022;DGCE;1
23-08-2022;DLGC;1
23-08-2022;DSAA;1
24-08-2022;CGIE;1
24-08-2022;CRMM;1
24-08-2022;CRTP;1
24-08-2022;DEON;1
24-08-2022;DIRN;1
24-08-2022;DNDI;1
25-08-2022;CGIE;5
25-08-2022;CRMM;1
25-08-2022;DDPC;1
25-08-2022;DEON;1
25-08-2022;DEXS;1
25-08-2022;MADP;1
25-08-2022;MHGP;1
25-08-2022;RCME;1
26-08-2022;CGIE;1
26-08-2022;CLEE;1
26-08-2022;CRLH;3
26-08-2022;CRLR;3
26-08-2022;CRTP;3
26-08-2022;DCGE;2
26-08-2022;DEXS;1
26-08-2022;DGLO;1
26-08-2022;DPIM;1
28-08-2022;DPIM;1
29-08-2022;CGIE;3
29-08-2022;CRTP;3
29-08-2022;DCAA;1
29-08-2022;DFUA;1
29-08-2022;DIPP;4
29-08-2022;RCME;1
30-08-2022;CRLH;1
30-08-2022;DEON;1
30-08-2022;DETD;2
30-08-2022;DGLO;2
30-08-2022;DIPP;1
31-08-2022;CGIE;4
31-08-2022;CRLH;1
31-08-2022;CRMM;1
31-08-2022;CRTP;1
31-08-2022;DASP;1
31-08-2022;DCAA;1
31-08-2022;DCLM;1
31-08-2022;DEMA;1
31-08-2022;DETD;1
31-08-2022;DIPP;2
31-08-2022;PMFA;1
01-09-2022;CGIE;2
01-09-2022;CRLH;1
01-09-2022;CRLR;1
01-09-2022;CRMM;1
01-09-2022;CRTP;1
01-09-2022;DEMA;1
01-09-2022;DEXS;1
01-09-2022;DGLO;1
01-09-2022;DLGC;1
01-09-2022;RCME;1
02-09-2022;CDMS;1
02-09-2022;CGIE;1
02-09-2022;CRLR;2
02-09-2022;CRMM;1
02-09-2022;CRTP;1
02-09-2022;DEXS;1
02-09-2022;DGLO;2
03-09-2022;CRLR;1
03-09-2022;DGLO;1
04-09-2022;DETD;1
05-09-2022;CGIE;4
05-09-2022;CIVA;1
05-09-2022;CRLH;2
05-09-2022;CRMM;2
05-09-2022;DASP;2
05-09-2022;DCGE;2
05-09-2022;DDPC;1
05-09-2022;DEGP;1
05-09-2022;DEMA;1
05-09-2022;DEXS;1
05-09-2022;RCME;1
06-09-2022;CGIE;4
06-09-2022;CRLH;1
06-09-2022;CRLR;2
06-09-2022;CRTP;4
06-09-2022;DBDS;2
06-09-2022;DCOR;1
06-09-2022;DEGP;1
07-09-2022;CGIE;1
07-09-2022;DDPC;1
08-09-2022;CGIE;3
08-09-2022;CRLR;1
08-09-2022;CRMM;1
08-09-2022;DASP;1
08-09-2022;DEON;1
08-09-2022;DGLO;1
08-09-2022;DGRC;1
08-09-2022;DLGC;1
08-09-2022;DRGP;1
09-09-2022;CGIE;1
09-09-2022;DCLM;1
09-09-2022;DEGP;1
09-09-2022;DEMA;1
09-09-2022;DGLO;1
10-09-2022;CRMM;1
11-09-2022;CRLH;1
11-09-2022;DEMA;1
12-09-2022;CCEX;1
12-09-2022;CRLH;2
12-09-2022;CRMM;1
12-09-2022;DAAG;1
12-09-2022;DEMA;1
12-09-2022;DGRC;1
12-09-2022;DSAA;1
13-09-2022;CRLH;1
13-09-2022;CRLR;1
13-09-2022;CRMM;3
13-09-2022;CRTP;2
13-09-2022;DGLO;1
13-09-2022;DIQP;1
14-09-2022;CRLH;1
14-09-2022;DCOR;1
14-09-2022;DSAA;5
14-09-2022;MHGP;1
15-09-2022;CRLR;1
15-09-2022;CRMM;1
15-09-2022;CRTP;1
15-09-2022;CTDC;1
15-09-2022;DASP;1
15-09-2022;DEMA;1
15-09-2022;DERS;1
15-09-2022;DEXS;1
15-09-2022;DGRC;1
20-09-2022;CRLR;1
20-09-2022;DCLM;1
21-09-2022;CRTP;2
21-09-2022;DERS;1
21-09-2022;DRGP;1
21-09-2022;EPRS;1
22-09-2022;CRLH;1
22-09-2022;CRLR;1
22-09-2022;CRMM;1
22-09-2022;CRTP;1
22-09-2022;DCGE;1
22-09-2022;DCLM;1
22-09-2022;DEMA;1
22-09-2022;DERO;1
22-09-2022;DIQP;1
23-09-2022;CPOC;1
23-09-2022;CRTP;2
23-09-2022;DCGE;1
23-09-2022;DEMA;1
23-09-2022;DIQP;2
23-09-2022;DLEE;1
23-09-2022;DSAA;1
23-09-2022;ECNE;1
25-09-2022;CRTP;1
26-09-2022;CGIE;1
26-09-2022;CRLH;1
26-09-2022;CRMM;3
26-09-2022;DCGE;1
26-09-2022;DEMA;1
26-09-2022;DERO;2
26-09-2022;DEXS;1
26-09-2022;DIRN;13
26-09-2022;DLEE;1
26-09-2022;DODP;1
27-09-2022;CRLH;2
27-09-2022;CRMM;1
27-09-2022;CRTP;3
27-09-2022;DERS;1
27-09-2022;DGLO;1
27-09-2022;DIQP;1
27-09-2022;DSAA;1
28-09-2022;CGIE;1
28-09-2022;CRLR;1
28-09-2022;CRMM;1
28-09-2022;CROE;10
28-09-2022;CRTP;3
28-09-2022;DCGE;1
28-09-2022;DCLM;1
28-09-2022;DEMA;5
28-09-2022;DERO;1
28-09-2022;DIQP;1
28-09-2022;DOPI;1
28-09-2022;EMHM;2
29-09-2022;CGIE;2
29-09-2022;CRLH;1
29-09-2022;CRLR;1
29-09-2022;CRMM;7
29-09-2022;CRTP;5
29-09-2022;DEXS;1
29-09-2022;DIRN;1
29-09-2022;DLEE;1
29-09-2022;DOPI;1
30-09-2022;CLMA;1
30-09-2022;CRLR;1
30-09-2022;CRMM;5
30-09-2022;CRTP;2
30-09-2022;DEGP;1
30-09-2022;DEMA;2
30-09-2022;DIQP;1
30-09-2022;DLEE;1
30-09-2022;MAIN;8
02-10-2022;DODP;1
03-10-2022;DCPA;1
03-10-2022;DRGP;1
03-10-2022;DSCE;1
03-10-2022;EMCT;1
03-10-2022;EPRC;1
03-10-2022;MAIN;1
03-10-2022;MDTR;1
04-10-2022;CRLH;1
04-10-2022;CTMI;1
04-10-2022;DIQP;1
04-10-2022;DOPI;1
04-10-2022;DSMP;1
04-10-2022;EMOM;1
04-10-2022;PEOG;1
05-10-2022;CRLH;1
05-10-2022;CRLR;1
05-10-2022;DCPA;1
05-10-2022;DERA;2
05-10-2022;DLEE;1
05-10-2022;PEOG;1
06-10-2022;DCGE;1
06-10-2022;DCPA;1
06-10-2022;DEGP;1
06-10-2022;DERS;1
06-10-2022;DLEE;2
06-10-2022;EPFR;1
06-10-2022;PEOG;1
07-10-2022;CPEU;1
07-10-2022;CRLH;2
07-10-2022;DCPA;1
07-10-2022;DEMA;1
07-10-2022;DERO;2
07-10-2022;DPEN;1
07-10-2022;EMCM;1
07-10-2022;MAIN;1
07-10-2022;MDTR;1
07-10-2022;MNPP;1
07-10-2022;PEOG;1
08-10-2022;CDMS;1
08-10-2022;DERA;1
08-10-2022;DOPI;1
08-10-2022;DPEN;1
09-10-2022;CRLH;1
10-10-2022;DGLD;1
11-10-2022;CRLH;1
11-10-2022;CTMI;1
11-10-2022;DCPA;3
11-10-2022;DEGP;1
11-10-2022;DERO;1
11-10-2022;EMOM;1
12-10-2022;CRLH;2
12-10-2022;CRLR;2
12-10-2022;DCPA;3
12-10-2022;DERA;1
12-10-2022;DEXS;1
12-10-2022;DOPI;1
12-10-2022;PEOG;1
13-10-2022;CRLH;2
13-10-2022;DCPA;2
13-10-2022;DDUC;1
13-10-2022;DERA;2
13-10-2022;DERS;1
13-10-2022;DOPI;1
13-10-2022;PEOG;1
14-10-2022;CDMS;1
14-10-2022;CRLH;1
14-10-2022;DCPA;1
14-10-2022;DERS;1
14-10-2022;MEMG;1
17-10-2022;CDMS;2
17-10-2022;CTMI;1
17-10-2022;CTPT;1
17-10-2022;CTTM;1
17-10-2022;DASP;1
17-10-2022;DNEO;1
17-10-2022;EOOP;4
17-10-2022;EOTT;1
17-10-2022;EPTU;1
17-10-2022;MAIN;1
17-10-2022;PEOG;1
18-10-2022;CRLH;2
18-10-2022;EOOP;3
19-10-2022;CTMI;1
19-10-2022;DERO;1
19-10-2022;DPSM;1
19-10-2022;DSMP;1
19-10-2022;EOTT;1
20-10-2022;CDMS;1
20-10-2022;CRLH;3
20-10-2022;CRLR;1
20-10-2022;CTTM;1
20-10-2022;DCPA;1
20-10-2022;DDSC;1
20-10-2022;DERA;2
20-10-2022;DERO;1
20-10-2022;DMFD;1
20-10-2022;DOPI;1
20-10-2022;DPEN;3
20-10-2022;EOTT;1
20-10-2022;EPTR;1
20-10-2022;PEOG;1
21-10-2022;DDSC;1
21-10-2022;DERA;1
21-10-2022;DERO;2
21-10-2022;DIRN;1
21-10-2022;DOPI;1
21-10-2022;DSMP;1
21-10-2022;EOOP;1
24-10-2022;CRLH;2
24-10-2022;CRLR;1
24-10-2022;CTEX;2
24-10-2022;CTMC;5
24-10-2022;CTPT;1
24-10-2022;DCPA;1
24-10-2022;DPEN;1
24-10-2022;MHGP;1
24-10-2022;PEOG;1
25-10-2022;CRLH;1
25-10-2022;CRLR;2
25-10-2022;CTMC;5
25-10-2022;CTMI;1
25-10-2022;DCPA;1
25-10-2022;DOPI;1
25-10-2022;DPAD;1
25-10-2022;DPEN;1
25-10-2022;EOPE;1
25-10-2022;MDTR;1
26-10-2022;CRLH;1
26-10-2022;DCPA;1
26-10-2022;DIOD;1
26-10-2022;DOPI;1
26-10-2022;DSCE;1
26-10-2022;EOEN;1
27-10-2022;CRLH;1
27-10-2022;CRLR;1
27-10-2022;EMCP;1
27-10-2022;EMCT;1
27-10-2022;EOEN;1
27-10-2022;EOIM;1
27-10-2022;EOPE;2
27-10-2022;PEOG;1
28-10-2022;DCPA;1
28-10-2022;DOPI;1
28-10-2022;EMOM;1
28-10-2022;EOEN;2
28-10-2022;EOPE;2
28-10-2022;EOTT;1
29-10-2022;CRLR;1
29-10-2022;DCPA;1
29-10-2022;DERO;1
31-10-2022;EOEN;1
01-11-2022;DAAG;1
02-11-2022;CRLH;2
02-11-2022;CRLR;4
02-11-2022;DDSC;1
02-11-2022;EOEN;4
02-11-2022;EOPE;3
02-11-2022;MDTR;1
03-11-2022;CCVG;1
03-11-2022;CRLH;4
03-11-2022;CRLR;6
03-11-2022;DCPA;1
03-11-2022;DESU;1
03-11-2022;DMTT;1
03-11-2022;DPAD;1
03-11-2022;EOCM;1
03-11-2022;EOEN;1
04-11-2022;DCPA;1
04-11-2022;DERO;2
04-11-2022;DERS;1
04-11-2022;DODP;1
04-11-2022;DPAD;1
04-11-2022;EOCM;1
04-11-2022;EOEN;1
04-11-2022;EORO;8
04-11-2022;EOTT;1
06-11-2022;DDSC;1
07-11-2022;CRLR;1
07-11-2022;DIND;1
07-11-2022;EOCM;1
07-11-2022;EORO;1
07-11-2022;MHGP;1
07-11-2022;PEPA;1
08-11-2022;CPME;1
08-11-2022;DERS;1
08-11-2022;DGGE;1
08-11-2022;DIND;1
08-11-2022;DODP;1
08-11-2022;DPAD;1
08-11-2022;ECAN;1
08-11-2022;EOCM;1
08-11-2022;EORO;1
09-11-2022;DCPA;1
09-11-2022;DSCE;1
09-11-2022;EOIO;1
09-11-2022;EOOR;1
09-11-2022;MDDE;1
10-11-2022;DCPA;1
10-11-2022;DDSC;1
10-11-2022;DIQP;1
10-11-2022;DODP;1
10-11-2022;DPEN;1
10-11-2022;ECIG;1
10-11-2022;EOIO;3
10-11-2022;EOOR;1
10-11-2022;MFIA;1
10-11-2022;MTEM;1
11-11-2022;DERO;1
11-11-2022;DERS;1
11-11-2022;DIOD;1
11-11-2022;DIQP;2
11-11-2022;DOPI;1
11-11-2022;EOIO;6
11-11-2022;EOOR;3
11-11-2022;MEMG;1
11-11-2022;MTEM;2
11-11-2022;PEOG;1
12-11-2022;DPEN;1
13-11-2022;DERS;1
14-11-2022;DCPA;1
14-11-2022;DEXS;1
14-11-2022;DIND;1
14-11-2022;DIOD;1
14-11-2022;DIQP;1
14-11-2022;MESP;1
14-11-2022;MFIA;1
15-11-2022;DCPA;2
15-11-2022;DDSC;1
15-11-2022;DIOD;1
15-11-2022;DLIP;1
15-11-2022;DPEN;1
15-11-2022;EOOR;1
16-11-2022;CPME;1
16-11-2022;DCAA;1
16-11-2022;DCPA;2
16-11-2022;DDIN;1
16-11-2022;DERA;1
16-11-2022;DIQP;1
16-11-2022;ECIG;1
16-11-2022;EPCG;1
16-11-2022;MDAD;1
17-11-2022;CTDC;1
17-11-2022;DDEP;1
17-11-2022;DDLE;1
17-11-2022;DKAD;1
17-11-2022;DOPI;3
17-11-2022;EOTT;1
17-11-2022;EPAQ;1
17-11-2022;MDDE;1
18-11-2022;CPME;1
18-11-2022;CTDC;2
18-11-2022;DCPA;1
18-11-2022;DERA;1
18-11-2022;DERS;1
18-11-2022;DIQP;2
18-11-2022;DKAD;1
18-11-2022;DOPI;1
18-11-2022;EPAQ;1
18-11-2022;MAFM;1
18-11-2022;PEOG;1
21-11-2022;CCVG;1
21-11-2022;DIQP;1
21-11-2022;DOCM;1
21-11-2022;DOPI;2
21-11-2022;EOEN;1
21-11-2022;MDAD;2
21-11-2022;MDRC;1
21-11-2022;MDTR;1
21-11-2022;PEOG;1
22-11-2022;CCVG;1
22-11-2022;DDEP;1
22-11-2022;DODP;1
22-11-2022;MPSP;1
23-11-2022;DIQP;1
24-11-2022;DCPA;1
24-11-2022;DERA;1
24-11-2022;DOPI;1
24-11-2022;EOIM;1
24-11-2022;MEDU;1
24-11-2022;MTEM;1
25-11-2022;DCPA;3
25-11-2022;DDEP;1
25-11-2022;DDIN;1
25-11-2022;DERS;1
25-11-2022;DESP;1
25-11-2022;DIQP;1
25-11-2022;DODP;1
25-11-2022;DPPC;1
25-11-2022;MAGS;2
25-11-2022;MDAD;1
25-11-2022;MEMG;1
25-11-2022;MTEM;1
25-11-2022;POPF;1
26-11-2022;DCPA;1
26-11-2022;DDUC;1
26-11-2022;DESU;1
26-11-2022;DIQP;1
27-11-2022;MDTR;1
28-11-2022;DCPA;2
28-11-2022;DDSC;2
28-11-2022;DEON;1
28-11-2022;DERA;1
28-11-2022;DERO;1
28-11-2022;DGCE;1
28-11-2022;EOPE;1
29-11-2022;DCPA;3
29-11-2022;DECC;1
29-11-2022;DISI;1
29-11-2022;DPEN;1
29-11-2022;DPPC;1
29-11-2022;DSCE;1
29-11-2022;ECNE;1
29-11-2022;MAGS;1
29-11-2022;MTEM;1
30-11-2022;DCPA;1
30-11-2022;DDSC;1
30-11-2022;DESP;1
30-11-2022;DIQP;1
30-11-2022;DPPC;1
30-11-2022;MDTR;1
30-11-2022;MPSP;1
30-11-2022;MTEM;1
30-11-2022;PEOG;2
01-12-2022;CPAL;4
01-12-2022;DCPA;2
01-12-2022;DDLE;1
01-12-2022;DEON;1
01-12-2022;DERA;1
01-12-2022;DERO;1
01-12-2022;DESP;1
01-12-2022;DGGE;1
01-12-2022;DMCE;1
01-12-2022;MAFM;1
01-12-2022;MDAD;1
01-12-2022;PEOG;1
02-12-2022;DCPA;1
02-12-2022;DDSC;1
02-12-2022;DERO;2
02-12-2022;DERS;1
02-12-2022;DESU;1
02-12-2022;DMTT;1
02-12-2022;DODP;1
02-12-2022;DOPI;2
02-12-2022;DPAD;1
02-12-2022;EOIM;1
02-12-2022;MDAD;1
02-12-2022;PEOG;1
03-12-2022;MPSP;1
04-12-2022;DTCG;1
04-12-2022;MNPP;1
05-12-2022;DCKR;1
05-12-2022;DERO;1
05-12-2022;DKAD;1
05-12-2022;DOPI;1
05-12-2022;MDAD;1
05-12-2022;MDDE;1
05-12-2022;MESP;1
05-12-2022;POPF;1
06-12-2022;DDIN;1
06-12-2022;DERA;2
06-12-2022;DFEM;1
06-12-2022;DIQP;1
06-12-2022;DOPI;2
06-12-2022;EMCR;1
06-12-2022;MDAD;1
06-12-2022;MDTR;1
07-12-2022;DERO;2
07-12-2022;DFEM;1
07-12-2022;EPAQ;1
07-12-2022;PEOG;1
08-12-2022;DGCE;1
08-12-2022;DMOR;1
09-12-2022;DCAA;1
09-12-2022;DESU;1
09-12-2022;DEXS;1
09-12-2022;DKAD;1
09-12-2022;DSCE;1
09-12-2022;MEMG;1
10-12-2022;DDPC;1
12-12-2022;CPME;1
12-12-2022;DCPA;2
12-12-2022;DESU;1
12-12-2022;DGCE;1
12-12-2022;DRGP;1
12-12-2022;DSCE;1
12-12-2022;MESP;1
13-12-2022;DEXS;1
13-12-2022;DIQP;1
13-12-2022;DMCE;1
13-12-2022;MDGE;1
13-12-2022;MEMG;1
13-12-2022;MEPI;1
14-12-2022;CLLD;9
14-12-2022;DDDD;1
14-12-2022;DERO;1
14-12-2022;DGPI;1
14-12-2022;DMCE;1
14-12-2022;MAGS;1
14-12-2022;MESP;1
14-12-2022;MPSP;1
14-12-2022;PMFA;1
15-12-2022;CEEX;1
15-12-2022;CLSV;8
15-12-2022;DCPA;1
15-12-2022;DIQP;1
15-12-2022;DKAD;1
15-12-2022;DMCE;1
15-12-2022;DPSM;1
15-12-2022;MADP;1
15-12-2022;PEOG;1
16-12-2022;CLSV;1
16-12-2022;DDSC;1
16-12-2022;DOPI;2
16-12-2022;EOIM;1
17-12-2022;DERO;1
17-12-2022;DMCE;1
19-12-2022;CISE;9
19-12-2022;DEXS;1
19-12-2022;DFEM;1
19-12-2022;DGCU;1
19-12-2022;DIQP;1
19-12-2022;DMOR;1
19-12-2022;EPAH;1
20-12-2022;CAPA;15
20-12-2022;CBPE;1
20-12-2022;CDCC;1
20-12-2022;CRLH;1
20-12-2022;DCPA;1
20-12-2022;DDCO;1
20-12-2022;DERO;1
20-12-2022;DFEM;1
20-12-2022;DIQP;3
20-12-2022;DMTT;1
20-12-2022;DODP;1
20-12-2022;DOPI;1
20-12-2022;DPPC;1
20-12-2022;DSGP;1
20-12-2022;EOIM;1
20-12-2022;EOTT;1
20-12-2022;MADP;1
20-12-2022;MDAD;1
20-12-2022;MEPI;2
20-12-2022;MESP;1
20-12-2022;MTEM;1
21-12-2022;CAPA;12
21-12-2022;DCPA;2
21-12-2022;DDLE;1
21-12-2022;EOOR;1
21-12-2022;MDAD;1
22-12-2022;CCSO;2
22-12-2022;DDEP;1
22-12-2022;EOOR;1
22-12-2022;MDGE;1
23-12-2022;CACL;1
23-12-2022;CCSO;2
23-12-2022;DCAA;1
23-12-2022;DDEP;1
23-12-2022;DEST;1
23-12-2022;DKAD;1
23-12-2022;DMOR;1
23-12-2022;DRET;1
23-12-2022;MDDE;1
23-12-2022;MEMG;1
23-12-2022;PEOG;1
26-12-2022;CCSO;15
26-12-2022;DBPE;1
26-12-2022;DDIN;2
26-12-2022;DFUT;2
26-12-2022;DIFI;1
26-12-2022;DIND;1
26-12-2022;DIQP;1
26-12-2022;DODP;1
26-12-2022;DPEN;1
26-12-2022;MEDU;1
26-12-2022;MEPI;1
26-12-2022;MPSP;1
26-12-2022;PEOG;1
27-12-2022;DIQP;3
27-12-2022;MDGE;1
27-12-2022;MDPE;2
27-12-2022;MEDU;1
27-12-2022;PMEM;1
28-12-2022;DGGE;1
28-12-2022;DIQP;1
28-12-2022;DKAD;1
28-12-2022;DOPI;1
28-12-2022;DPPE;1
28-12-2022;DSCE;1
28-12-2022;EOPE;1
28-12-2022;MADP;2
28-12-2022;MDAD;2
28-12-2022;MEDU;1
28-12-2022;MPSP;3
28-12-2022;MSCF;1
28-12-2022;MTEM;1
28-12-2022;PMEM;1
29-12-2022;CACL;1
29-12-2022;CBAL;26
29-12-2022;CCSO;1
29-12-2022;CGIE;1
29-12-2022;CPAL;18
29-12-2022;DBPE;1
29-12-2022;DCPA;2
29-12-2022;DECC;1
29-12-2022;DGGE;1
29-12-2022;DIQP;1
29-12-2022;DMTT;1
29-12-2022;DODP;1
29-12-2022;DOPI;2
29-12-2022;MADP;1
29-12-2022;MAEC;1
29-12-2022;MDAD;1
29-12-2022;MDTR;1
29-12-2022;MEMG;1
29-12-2022;MSCF;3
29-12-2022;MSCM;3
30-12-2022;CACL;19
30-12-2022;CBPE;1
30-12-2022;CPAL;10
30-12-2022;DAAG;1
30-12-2022;DCKR;1
30-12-2022;DCPA;1
30-12-2022;DDEP;1
30-12-2022;DERO;1
30-12-2022;DERS;1
30-12-2022;DIFI;1
30-12-2022;DISI;1
30-12-2022;DMCE;1
30-12-2022;DODP;1
30-12-2022;DOIA;1
30-12-2022;DOPI;1
30-12-2022;EOOR;1
30-12-2022;MDAD;1
30-12-2022;MDTR;1
30-12-2022;MEMG;1
30-12-2022;MPSP;1
02-01-2023;MDGE;1
03-01-2023;CACL;3
03-01-2023;CBPE;2
03-01-2023;CPAE;1
03-01-2023;CPAL;2
03-01-2023;DCAA;1
03-01-2023;DERO;1
03-01-2023;DERS;1
03-01-2023;DFUT;1
03-01-2023;DIQP;1
03-01-2023;DKAD;1
03-01-2023;DMCE;2
03-01-2023;DSMP;1
03-01-2023;EORO;1
03-01-2023;MDDE;1
03-01-2023;MDPE;1
03-01-2023;MDTR;1
03-01-2023;PEOG;1
04-01-2023;CACL;1
04-01-2023;CAPA;1
04-01-2023;CBAL;1
04-01-2023;DCAA;1
04-01-2023;DCPA;4
04-01-2023;DDEP;1
04-01-2023;DIQP;1
04-01-2023;DISI;1
04-01-2023;DKAD;2
04-01-2023;DOPI;2
04-01-2023;MDAD;1
04-01-2023;MSCM;1
04-01-2023;PMEM;1
05-01-2023;CACL;5
05-01-2023;CANP;2
05-01-2023;CAPA;1
05-01-2023;CLSV;1
05-01-2023;DCPA;4
05-01-2023;DEON;1
05-01-2023;DGGE;1
05-01-2023;DIND;1
05-01-2023;DMTT;1
05-01-2023;DSMP;1
05-01-2023;EOCM;1
05-01-2023;EOEN;1
05-01-2023;MDDE;1
05-01-2023;MTEM;1
06-01-2023;CANP;1
06-01-2023;CBAL;1
06-01-2023;DCPA;2
06-01-2023;DDPC;1
06-01-2023;DERA;1
06-01-2023;DERO;1
06-01-2023;DIFI;1
06-01-2023;DSMP;1
06-01-2023;MAGS;1
06-01-2023;MDFI;1
06-01-2023;MDRC;1
06-01-2023;MEDU;1
06-01-2023;MPSP;1
06-01-2023;PGPC;1
07-01-2023;DERO;1
09-01-2023;CACL;1
09-01-2023;CANP;1
09-01-2023;CBPE;1
09-01-2023;DCEC;1
09-01-2023;DCPA;1
09-01-2023;DERO;1
09-01-2023;DEXS;1
09-01-2023;DGCE;3
09-01-2023;DGGE;1
09-01-2023;DIOD;1
09-01-2023;DIQP;3
09-01-2023;DMCE;2
09-01-2023;DRGP;1
09-01-2023;DRNA;1
09-01-2023;EOIM;1
10-01-2023;CACL;3
10-01-2023;CBPE;1
10-01-2023;CPAE;2
10-01-2023;DCPA;2
10-01-2023;DDEP;1
10-01-2023;DGGE;1
10-01-2023;DIND;1
10-01-2023;DMCE;1
10-01-2023;MSCF;1
10-01-2023;MSCM;1
10-01-2023;PEOG;1
11-01-2023;CACL;6
11-01-2023;CPAL;1
11-01-2023;DCKR;1
11-01-2023;DCPA;1
11-01-2023;DERA;1
11-01-2023;DESP;1
11-01-2023;DESU;1
11-01-2023;DEXS;1
11-01-2023;DFKM;1
11-01-2023;DFNF;1
11-01-2023;DIND;1
11-01-2023;DIQP;1
11-01-2023;DKAD;1
11-01-2023;DMCE;2
11-01-2023;DPEN;1
11-01-2023;DPPC;1
11-01-2023;DSMP;1
11-01-2023;DTCG;1
11-01-2023;MPSP;1
11-01-2023;MSCF;1
11-01-2023;MTEM;1
11-01-2023;PEOG;1
11-01-2023;PMEM;1
12-01-2023;CACL;2
12-01-2023;DCPA;1
12-01-2023;DETR;1
12-01-2023;DFKM;1
12-01-2023;DFUT;1
12-01-2023;DIQP;1
12-01-2023;DMCE;1
12-01-2023;DOPI;1
12-01-2023;MAEC;1
12-01-2023;MDAD;1
12-01-2023;MEDU;1
12-01-2023;MEPI;1
12-01-2023;MSCM;1
13-01-2023;CBPE;1
13-01-2023;CTTM;3
13-01-2023;DCPA;1
13-01-2023;DDFU;1
13-01-2023;DDSC;1
13-01-2023;DEON;1
13-01-2023;DERS;1
13-01-2023;DESG;1
13-01-2023;DFKM;1
13-01-2023;DORE;1
13-01-2023;DPEN;1
13-01-2023;EMAN;4
13-01-2023;EMCG;1
13-01-2023;MDPE;1
13-01-2023;MNPP;1
14-01-2023;CPAE;1
14-01-2023;DCPA;1
14-01-2023;DFEM;1
14-01-2023;DGGE;1
14-01-2023;DMOR;1
15-01-2023;DCPA;1
15-01-2023;DMTT;1
15-01-2023;MEDU;1
16-01-2023;CACL;2
16-01-2023;CBPE;1
16-01-2023;CRCJ;1
16-01-2023;CTPT;1
16-01-2023;CTTM;1
16-01-2023;DCPA;2
16-01-2023;DFNF;1
16-01-2023;DIFI;1
16-01-2023;DIND;1
16-01-2023;DISI;1
16-01-2023;EMAN;1
16-01-2023;EMMI;2
16-01-2023;EMNE;2
16-01-2023;EMOT;1
16-01-2023;EOCM;1
16-01-2023;MDDE;1
16-01-2023;MDGE;1
16-01-2023;MHGP;1
16-01-2023;MNPP;1
17-01-2023;CACL;5
17-01-2023;CTTM;1
17-01-2023;DCPA;2
17-01-2023;DDPC;1
17-01-2023;DDSC;1
17-01-2023;DGGE;1
17-01-2023;DHUN;1
17-01-2023;DIQP;1
17-01-2023;DODP;1
17-01-2023;DOPI;2
17-01-2023;DSMP;1
17-01-2023;DTCG;1
17-01-2023;EMFL;1
17-01-2023;EMMI;1
17-01-2023;EMOT;1
17-01-2023;EMPE;1
17-01-2023;EMRA;2
18-01-2023;CACL;1
18-01-2023;CPOC;1
18-01-2023;DDFA;1
18-01-2023;DDSC;1
18-01-2023;DEBE;1
18-01-2023;DGCE;1
18-01-2023;DIND;1
18-01-2023;DKAD;1
18-01-2023;MDPE;1
18-01-2023;MESP;5
19-01-2023;CPAE;1
19-01-2023;DCPA;1
19-01-2023;DERA;1
19-01-2023;DFKM;1
19-01-2023;DFUT;1
19-01-2023;DSCE;1
19-01-2023;EMMI;1
19-01-2023;MAGS;1
19-01-2023;MDAD;1
19-01-2023;MESP;2
19-01-2023;MTEM;1
19-01-2023;POPF;1
20-01-2023;CACL;1
20-01-2023;CBAL;1
20-01-2023;CTPT;1
20-01-2023;DCPA;2
20-01-2023;DDPC;1
20-01-2023;DEBE;3
20-01-2023;DERA;1
20-01-2023;DEXS;2
20-01-2023;DGCE;1
20-01-2023;DSCE;1
20-01-2023;MESP;3
20-01-2023;PFIL;1
21-01-2023;CTTM;1
21-01-2023;DDPC;1
22-01-2023;DESU;1
22-01-2023;DPAD;1
22-01-2023;MEDU;1
22-01-2023;MESP;1
23-01-2023;CACL;3
23-01-2023;DEXS;1
23-01-2023;DFUT;1
23-01-2023;DOPI;1
23-01-2023;MDFI;1
23-01-2023;MESP;1
23-01-2023;MHGP;1
24-01-2023;CACL;3
24-01-2023;CTTM;1
24-01-2023;DAAG;1
24-01-2023;DEBE;1
24-01-2023;DIDS;1
24-01-2023;DISI;1
24-01-2023;DPEN;1
24-01-2023;MAGS;1
24-01-2023;MDAD;1
24-01-2023;MESP;3
25-01-2023;DCAA;1
25-01-2023;DDFA;1
25-01-2023;DDSC;1
25-01-2023;DERA;1
25-01-2023;DFKM;1
25-01-2023;DFUT;1
25-01-2023;DGCE;10
25-01-2023;DIOD;1
25-01-2023;DIQP;1
25-01-2023;DPPC;1
25-01-2023;MDGE;2
25-01-2023;MEDU;1
25-01-2023;MEMG;1
25-01-2023;MESP;2
26-01-2023;CACL;1
26-01-2023;CDPC;2
26-01-2023;CLIE;1
26-01-2023;DAES;6
26-01-2023;DCAL;2
26-01-2023;DCPA;1
26-01-2023;DDEP;1
26-01-2023;DDSC;1
26-01-2023;DEBE;2
26-01-2023;DESP;1
26-01-2023;DGCE;3
26-01-2023;DISI;1
26-01-2023;DLDP;2
26-01-2023;DMTT;1
26-01-2023;DPEN;1
26-01-2023;MDDE;1
26-01-2023;MDGE;3
26-01-2023;PEOG;1
27-01-2023;DAES;3
27-01-2023;DCPA;1
27-01-2023;DESG;1
27-01-2023;DFUT;1
27-01-2023;DGCE;1
27-01-2023;DIGP;2
27-01-2023;DKAD;1
27-01-2023;DLDP;2
27-01-2023;DMOR;1
27-01-2023;DMTT;1
27-01-2023;DPSM;1
27-01-2023;MDDE;2
27-01-2023;MDGE;2
27-01-2023;MEDU;1
27-01-2023;MESP;1
28-01-2023;DCPA;1
28-01-2023;DECC;1
28-01-2023;PMEM;1
30-01-2023;CACL;1
30-01-2023;CLIE;1
30-01-2023;CTPT;2
30-01-2023;DCPA;1
30-01-2023;DESU;1
30-01-2023;DEXS;1
30-01-2023;DFEM;1
30-01-2023;DISI;1
30-01-2023;DMCE;2
30-01-2023;DMOR;1
30-01-2023;DOPI;2
30-01-2023;DSCE;1
30-01-2023;MDAD;1
30-01-2023;MDGE;1
30-01-2023;MEDU;1
30-01-2023;MEMG;1
30-01-2023;MESP;1
30-01-2023;MHGP;1
30-01-2023;MNPP;1
30-01-2023;MPSP;1
30-01-2023;PEIN;1
30-01-2023;PMEM;1
30-01-2023;RCME;1
31-01-2023;CACL;2
31-01-2023;CLIE;1
31-01-2023;CTTM;2
31-01-2023;DAAG;1
31-01-2023;DAES;1
31-01-2023;DCKR;1
31-01-2023;DERA;2
31-01-2023;DFKM;1
31-01-2023;DFUT;4
31-01-2023;DLIP;1
31-01-2023;DNEO;4
31-01-2023;DOPI;1
31-01-2023;DPAD;1
31-01-2023;DSCE;2
31-01-2023;MAGS;2
31-01-2023;MDGE;1
31-01-2023;MDPE;1
31-01-2023;MDTR;1
31-01-2023;MEDU;1
31-01-2023;MNPP;1
01-02-2023;DAAG;1
01-02-2023;DAPC;1
01-02-2023;DCPA;3
01-02-2023;DEBE;1
01-02-2023;DECC;1
01-02-2023;DESG;1
01-02-2023;DEST;1
01-02-2023;DGEP;1
01-02-2023;DPPC;1
01-02-2023;MAGS;1
01-02-2023;MFIL;1
01-02-2023;PMEM;1
02-02-2023;CTPT;1
02-02-2023;CTTM;1
02-02-2023;DERA;1
02-02-2023;DESG;1
02-02-2023;DFNF;1
02-02-2023;DGEP;1
02-02-2023;DKAD;1
02-02-2023;DSCE;1
02-02-2023;EMCT;1
02-02-2023;MDTR;1
02-02-2023;MHGP;1
02-02-2023;MTEM;1
02-02-2023;POPF;1
03-02-2023;CACL;1
03-02-2023;CLIE;4
03-02-2023;CTTM;1
03-02-2023;DCPA;1
03-02-2023;DEON;1
03-02-2023;DESG;1
03-02-2023;DFEM;1
03-02-2023;DGCE;2
03-02-2023;DKAD;1
03-02-2023;DMOR;1
03-02-2023;DODP;1
03-02-2023;DPEN;1
03-02-2023;EMOT;1
03-02-2023;EMPS;1
03-02-2023;MADP;1
03-02-2023;MDPE;1
03-02-2023;MDTR;1
03-02-2023;PMEM;2
03-02-2023;RCME;1
04-02-2023;CTPT;1
04-02-2023;DCPA;1
04-02-2023;DFUT;2
06-02-2023;CACL;5
06-02-2023;CPAL;1
06-02-2023;CTPT;3
06-02-2023;CTTM;1
06-02-2023;DCKR;1
06-02-2023;DCPA;1
06-02-2023;DDIN;1
06-02-2023;DESG;1
06-02-2023;DFEM;1
06-02-2023;DFNF;1
06-02-2023;DGCE;1
06-02-2023;DIFI;1
06-02-2023;DISI;1
06-02-2023;DSMP;1
06-02-2023;MADP;1
06-02-2023;MAFM;1
06-02-2023;MDPE;1
06-02-2023;MEDU;2
06-02-2023;MFIA;1
06-02-2023;MSCM;1
07-02-2023;CACL;2
07-02-2023;CTPT;2
07-02-2023;DDFU;1
07-02-2023;DEST;1
07-02-2023;DFKM;1
07-02-2023;DFUT;1
07-02-2023;DKAD;1
07-02-2023;DMTG;1
07-02-2023;DODP;1
07-02-2023;DOPI;1
07-02-2023;DSCE;2
07-02-2023;MEDU;1
07-02-2023;MFIA;1
07-02-2023;MPSP;1
07-02-2023;POPF;1
08-02-2023;CACL;2
08-02-2023;CTTM;1
08-02-2023;DDIN;1
08-02-2023;DDLE;1
08-02-2023;DEMA;1
08-02-2023;DFNF;1
08-02-2023;DGCE;1
08-02-2023;DISI;1
08-02-2023;DMOR;1
08-02-2023;DOPI;1
08-02-2023;DSCE;1
08-02-2023;MDAD;1
08-02-2023;MEDU;1
08-02-2023;MFIA;1
09-02-2023;CACL;1
09-02-2023;DCAA;1
09-02-2023;DCPA;1
09-02-2023;DEST;1
09-02-2023;DESU;1
09-02-2023;DPEN;1
10-02-2023;CACL;2
10-02-2023;CTPT;2
10-02-2023;CTTM;1
10-02-2023;DCPA;1
10-02-2023;DIND;1
10-02-2023;DIOD;1
10-02-2023;MDGE;1
10-02-2023;MDRC;1
10-02-2023;MPSP;1
10-02-2023;MTEM;2
10-02-2023;PEPA;1
10-02-2023;RCME;1
11-02-2023;CTPT;1
11-02-2023;CTTM;3
13-02-2023;CACL;1
13-02-2023;CTPT;1
13-02-2023;DAAG;1
13-02-2023;DMCE;1
13-02-2023;DPAD;1
14-02-2023;CACL;6
14-02-2023;MPSP;1
15-02-2023;DCPA;2
15-02-2023;DFNF;1
16-02-2023;CACL;1
16-02-2023;DCPA;1
16-02-2023;DEXS;1
16-02-2023;DFEM;1
16-02-2023;MPSP;2
17-02-2023;CACL;2
17-02-2023;CEXS;1
17-02-2023;CTTM;1
17-02-2023;DDEP;2
17-02-2023;DERO;1
17-02-2023;DFUT;1
17-02-2023;DPPC;1
17-02-2023;MADP;1
18-02-2023;CTTM;1
18-02-2023;MDDE;1
19-02-2023;DIND;1
20-02-2023;DCPA;1
20-02-2023;DESU;1
