CÓDIGO;Semana;Acumulado;PERIODO
CACL;24;1;202390
CACL;25;20;202390
CACL;26;31;202390
CACL;27;43;202390
CACL;28;52;202390
CACL;29;59;202390
CACL;30;63;202390
CACL;31;75;202390
CACL;32;85;202390
CACL;33;92;202390
CACL;34;95;202390
CACL;35;98;202390
CACL;36;98;202390
CACL;37;102;202390
CACL;38;116;202390
CANP;26;3;202390
CANP;27;4;202390
CANP;28;4;202390
CANP;29;4;202390
CANP;30;4;202390
CANP;31;4;202390
CANP;32;4;202390
CANP;33;4;202390
CANP;34;4;202390
CANP;35;4;202390
CANP;36;4;202390
CANP;37;5;202390
CANP;38;5;202390
CBAL;25;26;202390
CBAL;26;28;202390
CBAL;27;28;202390
CBAL;28;29;202390
CBAL;29;29;202390
CBAL;30;29;202390
CBAL;31;29;202390
CBAL;32;29;202390
CBAL;33;29;202390
CBAL;34;29;202390
CBAL;35;29;202390
CBAL;36;29;202390
CBAL;37;29;202390
CBAL;38;29;202390
CBFE;37;1;202390
CBFE;38;1;202390
CBPE;24;1;202390
CBPE;25;2;202390
CBPE;26;4;202390
CBPE;27;7;202390
CBPE;28;8;202390
CBPE;29;8;202390
CBPE;30;8;202390
CBPE;31;8;202390
CBPE;32;8;202390
CBPE;33;8;202390
CBPE;34;8;202390
CBPE;35;8;202390
CBPE;36;8;202390
CBPE;37;8;202390
CBPE;38;8;202390
CCCG;38;1;202390
CCSO;24;4;202390
CCSO;25;20;202390
CCSO;26;20;202390
CCSO;27;20;202390
CCSO;28;20;202390
CCSO;29;20;202390
CCSO;30;20;202390
CCSO;31;20;202390
CCSO;32;20;202390
CCSO;33;20;202390
CCSO;34;20;202390
CCSO;35;20;202390
CCSO;36;20;202390
CCSO;37;20;202390
CCSO;38;20;202390
CDPC;29;2;202390
CDPC;30;2;202390
CDPC;31;2;202390
CDPC;32;2;202390
CDPC;33;2;202390
CDPC;34;2;202390
CDPC;35;2;202390
CDPC;36;2;202390
CDPC;37;2;202390
CDPC;38;2;202390
CEXS;26;1;202390
CEXS;27;1;202390
CEXS;28;1;202390
CEXS;29;1;202390
CEXS;30;1;202390
CEXS;31;1;202390
CEXS;32;2;202390
CEXS;33;2;202390
CEXS;34;2;202390
CEXS;35;2;202390
CEXS;36;2;202390
CEXS;37;2;202390
CEXS;38;4;202390
CFGP;38;4;202390
CGIE;26;1;202390
CGIE;27;1;202390
CGIE;28;1;202390
CGIE;29;1;202390
CGIE;30;1;202390
CGIE;31;1;202390
CGIE;32;1;202390
CGIE;33;1;202390
CGIE;34;1;202390
CGIE;35;1;202390
CGIE;36;1;202390
CGIE;37;1;202390
CGIE;38;1;202390
CHAI;38;1;202390
CLIE;29;1;202390
CLIE;30;7;202390
CLIE;31;7;202390
CLIE;32;7;202390
CLIE;33;7;202390
CLIE;34;8;202390
CLIE;35;9;202390
CLIE;36;10;202390
CLIE;37;10;202390
CLIE;38;12;202390
COGC;38;1;202390
CPAE;26;1;202390
CPAE;27;4;202390
CPAE;28;5;202390
CPAE;29;5;202390
CPAE;30;5;202390
CPAE;31;5;202390
CPAE;32;5;202390
CPAE;33;5;202390
CPAE;34;5;202390
CPAE;35;7;202390
CPAE;36;14;202390
CPAE;37;31;202390
CPAE;38;61;202390
CPAL;21;4;202390
CPAL;22;4;202390
CPAL;23;4;202390
CPAL;24;4;202390
CPAL;25;32;202390
CPAL;26;34;202390
CPAL;27;35;202390
CPAL;28;35;202390
CPAL;29;35;202390
CPAL;30;35;202390
CPAL;31;36;202390
CPAL;32;36;202390
CPAL;33;37;202390
CPAL;34;38;202390
CPAL;35;38;202390
CPAL;36;38;202390
CPAL;37;40;202390
CPAL;38;42;202390
CPOC;28;1;202390
CPOC;29;1;202390
CPOC;30;1;202390
CPOC;31;1;202390
CPOC;32;1;202390
CPOC;33;1;202390
CPOC;34;1;202390
CPOC;35;1;202390
CPOC;36;1;202390
CPOC;37;1;202390
CPOC;38;1;202390
CRCJ;28;1;202390
CRCJ;29;1;202390
CRCJ;30;1;202390
CRCJ;31;1;202390
CRCJ;32;1;202390
CRCJ;33;1;202390
CRCJ;34;1;202390
CRCJ;35;1;202390
CRCJ;36;1;202390
CRCJ;37;1;202390
CRCJ;38;1;202390
CRTK;38;1;202390
CTPT;28;2;202390
CTPT;29;2;202390
CTPT;30;6;202390
CTPT;31;14;202390
CTPT;32;15;202390
CTPT;33;18;202390
CTPT;34;19;202390
CTPT;35;24;202390
CTPT;36;26;202390
CTPT;37;28;202390
CTPT;38;30;202390
CTTM;27;3;202390
CTTM;28;6;202390
CTTM;29;7;202390
CTTM;30;11;202390
CTTM;31;17;202390
CTTM;32;19;202390
CTTM;33;22;202390
CTTM;34;24;202390
CTTM;35;28;202390
CTTM;36;30;202390
CTTM;37;32;202390
CTTM;38;36;202390
CTVV;36;1;202390
CTVV;37;1;202390
CTVV;38;1;202390
DAAG;10;1;202390
DAAG;11;1;202390
DAAG;12;1;202390
DAAG;13;1;202390
DAAG;14;1;202390
DAAG;15;1;202390
DAAG;16;1;202390
DAAG;17;2;202390
DAAG;18;2;202390
DAAG;19;2;202390
DAAG;20;2;202390
DAAG;21;2;202390
DAAG;22;2;202390
DAAG;23;2;202390
DAAG;24;2;202390
DAAG;25;3;202390
DAAG;26;3;202390
DAAG;27;3;202390
DAAG;28;3;202390
DAAG;29;4;202390
DAAG;30;6;202390
DAAG;31;6;202390
DAAG;32;7;202390
DAAG;33;7;202390
DAAG;34;7;202390
DAAG;35;8;202390
DAAG;36;9;202390
DAAG;37;10;202390
DAAG;38;13;202390
DAES;29;9;202390
DAES;30;10;202390
DAES;31;10;202390
DAES;32;10;202390
DAES;33;10;202390
DAES;34;10;202390
DAES;35;12;202390
DAES;36;12;202390
DAES;37;12;202390
DAES;38;12;202390
DAPC;30;1;202390
DAPC;31;1;202390
DAPC;32;1;202390
DAPC;33;1;202390
DAPC;34;1;202390
DAPC;35;1;202390
DAPC;36;4;202390
DAPC;37;8;202390
DAPC;38;11;202390
DASD;34;1;202390
DASD;35;1;202390
DASD;36;3;202390
DASD;37;4;202390
DASD;38;4;202390
DBDS;37;1;202390
DBDS;38;2;202390
DBPE;25;2;202390
DBPE;26;2;202390
DBPE;27;2;202390
DBPE;28;2;202390
DBPE;29;2;202390
DBPE;30;2;202390
DBPE;31;2;202390
DBPE;32;2;202390
DBPE;33;3;202390
DBPE;34;3;202390
DBPE;35;3;202390
DBPE;36;3;202390
DBPE;37;3;202390
DBPE;38;3;202390
DCAA;19;1;202390
DCAA;20;1;202390
DCAA;21;1;202390
DCAA;22;2;202390
DCAA;23;2;202390
DCAA;24;3;202390
DCAA;25;3;202390
DCAA;26;5;202390
DCAA;27;5;202390
DCAA;28;5;202390
DCAA;29;6;202390
DCAA;30;6;202390
DCAA;31;7;202390
DCAA;32;7;202390
DCAA;33;7;202390
DCAA;34;8;202390
DCAA;35;8;202390
DCAA;36;12;202390
DCAA;37;12;202390
DCAA;38;14;202390
DCAL;29;2;202390
DCAL;30;2;202390
DCAL;31;2;202390
DCAL;32;2;202390
DCAL;33;2;202390
DCAL;34;2;202390
DCAL;35;2;202390
DCAL;36;2;202390
DCAL;37;2;202390
DCAL;38;2;202390
DCCS;38;1;202390
DCEC;27;1;202390
DCEC;28;1;202390
DCEC;29;1;202390
DCEC;30;1;202390
DCEC;31;1;202390
DCEC;32;1;202390
DCEC;33;1;202390
DCEC;34;1;202390
DCEC;35;1;202390
DCEC;36;1;202390
DCEC;37;1;202390
DCEC;38;1;202390
DCGE;33;1;202390
DCGE;34;2;202390
DCGE;35;2;202390
DCGE;36;2;202390
DCGE;37;2;202390
DCGE;38;4;202390
DCKR;22;1;202390
DCKR;23;1;202390
DCKR;24;1;202390
DCKR;25;2;202390
DCKR;26;3;202390
DCKR;27;4;202390
DCKR;28;4;202390
DCKR;29;4;202390
DCKR;30;5;202390
DCKR;31;6;202390
DCKR;32;6;202390
DCKR;33;6;202390
DCKR;34;7;202390
DCKR;35;7;202390
DCKR;36;12;202390
DCKR;37;12;202390
DCKR;38;12;202390
DCOR;38;2;202390
DCPA;13;4;202390
DCPA;14;13;202390
DCPA;15;14;202390
DCPA;16;19;202390
DCPA;17;21;202390
DCPA;18;23;202390
DCPA;19;29;202390
DCPA;20;34;202390
DCPA;21;43;202390
DCPA;22;43;202390
DCPA;23;46;202390
DCPA;24;49;202390
DCPA;25;52;202390
DCPA;26;63;202390
DCPA;27;71;202390
DCPA;28;78;202390
DCPA;29;81;202390
DCPA;30;87;202390
DCPA;31;90;202390
DCPA;32;92;202390
DCPA;33;94;202390
DCPA;34;97;202390
DCPA;35;99;202390
DCPA;36;104;202390
DCPA;37;112;202390
DCPA;38;119;202390
DDCO;35;2;202390
DDCO;36;2;202390
DDCO;37;2;202390
DDCO;38;2;202390
DDDD;23;1;202390
DDDD;24;1;202390
DDDD;25;1;202390
DDDD;26;1;202390
DDDD;27;1;202390
DDDD;28;1;202390
DDDD;29;1;202390
DDDD;30;1;202390
DDDD;31;1;202390
DDDD;32;1;202390
DDDD;33;1;202390
DDDD;34;1;202390
DDDD;35;1;202390
DDDD;36;2;202390
DDDD;37;2;202390
DDDD;38;2;202390
DDEP;19;1;202390
DDEP;20;3;202390
DDEP;21;3;202390
DDEP;22;3;202390
DDEP;23;3;202390
DDEP;24;4;202390
DDEP;25;5;202390
DDEP;26;6;202390
DDEP;27;7;202390
DDEP;28;7;202390
DDEP;29;8;202390
DDEP;30;8;202390
DDEP;31;8;202390
DDEP;32;10;202390
DDEP;33;11;202390
DDEP;34;11;202390
DDEP;35;12;202390
DDEP;36;15;202390
DDEP;37;18;202390
DDEP;38;18;202390
DDFA;28;1;202390
DDFA;29;2;202390
DDFA;30;2;202390
DDFA;31;2;202390
DDFA;32;2;202390
DDFA;33;2;202390
DDFA;34;2;202390
DDFA;35;2;202390
DDFA;36;2;202390
DDFA;37;2;202390
DDFA;38;2;202390
DDFU;27;1;202390
DDFU;28;1;202390
DDFU;29;1;202390
DDFU;30;1;202390
DDFU;31;2;202390
DDFU;32;2;202390
DDFU;33;2;202390
DDFU;34;2;202390
DDFU;35;2;202390
DDFU;36;2;202390
DDFU;37;2;202390
DDFU;38;2;202390
DDIN;19;1;202390
DDIN;20;2;202390
DDIN;21;2;202390
DDIN;22;3;202390
DDIN;23;3;202390
DDIN;24;3;202390
DDIN;25;5;202390
DDIN;26;5;202390
DDIN;27;5;202390
DDIN;28;5;202390
DDIN;29;5;202390
DDIN;30;5;202390
DDIN;31;7;202390
DDIN;32;7;202390
DDIN;33;7;202390
DDIN;34;7;202390
DDIN;35;7;202390
DDIN;36;8;202390
DDIN;37;9;202390
DDIN;38;9;202390
DDLE;19;1;202390
DDLE;20;1;202390
DDLE;21;2;202390
DDLE;22;2;202390
DDLE;23;2;202390
DDLE;24;3;202390
DDLE;25;3;202390
DDLE;26;3;202390
DDLE;27;3;202390
DDLE;28;3;202390
DDLE;29;3;202390
DDLE;30;3;202390
DDLE;31;4;202390
DDLE;32;4;202390
DDLE;33;4;202390
DDLE;34;5;202390
DDLE;35;5;202390
DDLE;36;6;202390
DDLE;37;6;202390
DDLE;38;7;202390
DDPC;22;1;202390
DDPC;23;1;202390
DDPC;24;1;202390
DDPC;25;1;202390
DDPC;26;2;202390
DDPC;27;2;202390
DDPC;28;5;202390
DDPC;29;5;202390
DDPC;30;5;202390
DDPC;31;5;202390
DDPC;32;5;202390
DDPC;33;6;202390
DDPC;34;6;202390
DDPC;35;8;202390
DDPC;36;8;202390
DDPC;37;10;202390
DDPC;38;12;202390
DDSC;15;2;202390
DDSC;16;2;202390
DDSC;17;4;202390
DDSC;18;5;202390
DDSC;19;6;202390
DDSC;20;6;202390
DDSC;21;10;202390
DDSC;22;10;202390
DDSC;23;11;202390
DDSC;24;11;202390
DDSC;25;11;202390
DDSC;26;11;202390
DDSC;27;12;202390
DDSC;28;14;202390
DDSC;29;16;202390
DDSC;30;16;202390
DDSC;31;16;202390
DDSC;32;16;202390
DDSC;33;16;202390
DDSC;34;18;202390
DDSC;35;19;202390
DDSC;36;22;202390
DDSC;37;22;202390
DDSC;38;27;202390
DDUC;14;1;202390
DDUC;15;1;202390
DDUC;16;1;202390
DDUC;17;1;202390
DDUC;18;1;202390
DDUC;19;1;202390
DDUC;20;2;202390
DDUC;21;2;202390
DDUC;22;2;202390
DDUC;23;2;202390
DDUC;24;2;202390
DDUC;25;2;202390
DDUC;26;2;202390
DDUC;27;2;202390
DDUC;28;2;202390
DDUC;29;2;202390
DDUC;30;2;202390
DDUC;31;2;202390
DDUC;32;2;202390
DDUC;33;2;202390
DDUC;34;2;202390
DDUC;35;2;202390
DDUC;36;2;202390
DDUC;37;6;202390
DDUC;38;6;202390
DEBE;28;2;202390
DEBE;29;4;202390
DEBE;30;4;202390
DEBE;31;4;202390
DEBE;32;4;202390
DEBE;33;4;202390
DEBE;34;4;202390
DEBE;35;4;202390
DEBE;36;4;202390
DEBE;37;4;202390
DEBE;38;4;202390
DECC;21;1;202390
DECC;22;1;202390
DECC;23;1;202390
DECC;24;1;202390
DECC;25;2;202390
DECC;26;2;202390
DECC;27;2;202390
DECC;28;2;202390
DECC;29;3;202390
DECC;30;4;202390
DECC;31;4;202390
DECC;32;4;202390
DECC;33;5;202390
DECC;34;5;202390
DECC;35;6;202390
DECC;36;8;202390
DECC;37;11;202390
DECC;38;14;202390
DEGP;34;1;202390
DEGP;35;1;202390
DEGP;36;1;202390
DEGP;37;1;202390
DEGP;38;1;202390
DEMA;31;1;202390
DEMA;32;1;202390
DEMA;33;2;202390
DEMA;34;4;202390
DEMA;35;4;202390
DEMA;36;4;202390
DEMA;37;4;202390
DEMA;38;7;202390
DEON;21;2;202390
DEON;22;2;202390
DEON;23;2;202390
DEON;24;2;202390
DEON;25;2;202390
DEON;26;3;202390
DEON;27;4;202390
DEON;28;4;202390
DEON;29;4;202390
DEON;30;5;202390
DEON;31;5;202390
DEON;32;5;202390
DEON;33;5;202390
DEON;34;5;202390
DEON;35;5;202390
DEON;36;6;202390
DEON;37;6;202390
DEON;38;7;202390
DERA;13;3;202390
DERA;14;6;202390
DERA;15;9;202390
DERA;16;9;202390
DERA;17;9;202390
DERA;18;9;202390
DERA;19;11;202390
DERA;20;12;202390
DERA;21;14;202390
DERA;22;16;202390
DERA;23;16;202390
DERA;24;16;202390
DERA;25;16;202390
DERA;26;17;202390
DERA;27;18;202390
DERA;28;20;202390
DERA;29;21;202390
DERA;30;24;202390
DERA;31;24;202390
DERA;32;24;202390
DERA;33;25;202390
DERA;34;25;202390
DERA;35;27;202390
DERA;36;27;202390
DERA;37;28;202390
DERA;38;28;202390
DERC;37;1;202390
DERC;38;2;202390
DERO;11;1;202390
DERO;12;4;202390
DERO;13;6;202390
DERO;14;7;202390
DERO;15;11;202390
DERO;16;12;202390
DERO;17;14;202390
DERO;18;15;202390
DERO;19;15;202390
DERO;20;15;202390
DERO;21;19;202390
DERO;22;22;202390
DERO;23;24;202390
DERO;24;25;202390
DERO;25;26;202390
DERO;26;29;202390
DERO;27;30;202390
DERO;28;30;202390
DERO;29;30;202390
DERO;30;30;202390
DERO;31;30;202390
DERO;32;31;202390
DERO;33;31;202390
DERO;34;31;202390
DERO;35;31;202390
DERO;36;31;202390
DERO;37;31;202390
DERO;38;31;202390
DERS;10;1;202390
DERS;11;2;202390
DERS;12;3;202390
DERS;13;4;202390
DERS;14;6;202390
DERS;15;6;202390
DERS;16;6;202390
DERS;17;7;202390
DERS;18;10;202390
DERS;19;11;202390
DERS;20;12;202390
DERS;21;13;202390
DERS;22;13;202390
DERS;23;13;202390
DERS;24;13;202390
DERS;25;14;202390
DERS;26;15;202390
DERS;27;16;202390
DERS;28;16;202390
DERS;29;16;202390
DERS;30;16;202390
DERS;31;16;202390
DERS;32;16;202390
DERS;33;16;202390
DERS;34;16;202390
DERS;35;16;202390
DERS;36;16;202390
DERS;37;16;202390
DERS;38;16;202390
DESG;27;1;202390
DESG;28;1;202390
DESG;29;2;202390
DESG;30;5;202390
DESG;31;6;202390
DESG;32;6;202390
DESG;33;7;202390
DESG;34;8;202390
DESG;35;8;202390
DESG;36;8;202390
DESG;37;12;202390
DESG;38;12;202390
DESP;20;1;202390
DESP;21;3;202390
DESP;22;3;202390
DESP;23;3;202390
DESP;24;3;202390
DESP;25;3;202390
DESP;26;3;202390
DESP;27;4;202390
DESP;28;4;202390
DESP;29;5;202390
DESP;30;5;202390
DESP;31;5;202390
DESP;32;5;202390
DESP;33;6;202390
DESP;34;6;202390
DESP;35;6;202390
DESP;36;6;202390
DESP;37;6;202390
DESP;38;6;202390
DEST;24;1;202390
DEST;25;1;202390
DEST;26;1;202390
DEST;27;1;202390
DEST;28;1;202390
DEST;29;1;202390
DEST;30;2;202390
DEST;31;4;202390
DEST;32;4;202390
DEST;33;4;202390
DEST;34;5;202390
DEST;35;6;202390
DEST;36;6;202390
DEST;37;11;202390
DEST;38;11;202390
DESU;17;1;202390
DESU;18;1;202390
DESU;19;1;202390
DESU;20;2;202390
DESU;21;3;202390
DESU;22;4;202390
DESU;23;5;202390
DESU;24;5;202390
DESU;25;5;202390
DESU;26;5;202390
DESU;27;6;202390
DESU;28;7;202390
DESU;29;7;202390
DESU;30;8;202390
DESU;31;9;202390
DESU;32;9;202390
DESU;33;10;202390
DESU;34;11;202390
DESU;35;11;202390
DESU;36;11;202390
DESU;37;12;202390
DESU;38;15;202390
DETR;27;1;202390
DETR;28;1;202390
DETR;29;1;202390
DETR;30;1;202390
DETR;31;1;202390
DETR;32;1;202390
DETR;33;1;202390
DETR;34;1;202390
DETR;35;1;202390
DETR;36;2;202390
DETR;37;2;202390
DETR;38;2;202390
DEXC;37;1;202390
DEXC;38;1;202390
DEXS;27;2;202390
DEXS;28;4;202390
DEXS;29;5;202390
DEXS;30;6;202390
DEXS;31;6;202390
DEXS;32;7;202390
DEXS;33;8;202390
DEXS;34;8;202390
DEXS;35;8;202390
DEXS;36;9;202390
DEXS;37;16;202390
DEXS;38;23;202390
DFEM;22;2;202390
DFEM;23;2;202390
DFEM;24;4;202390
DFEM;25;4;202390
DFEM;26;4;202390
DFEM;27;5;202390
DFEM;28;5;202390
DFEM;29;5;202390
DFEM;30;7;202390
DFEM;31;8;202390
DFEM;32;9;202390
DFEM;33;9;202390
DFEM;34;9;202390
DFEM;35;9;202390
DFEM;36;10;202390
DFEM;37;12;202390
DFEM;38;12;202390
DFKM;27;3;202390
DFKM;28;4;202390
DFKM;29;5;202390
DFKM;30;6;202390
DFKM;31;7;202390
DFKM;32;7;202390
DFKM;33;7;202390
DFKM;34;9;202390
DFKM;35;10;202390
DFKM;36;10;202390
DFKM;37;10;202390
DFKM;38;11;202390
DFNF;27;1;202390
DFNF;28;2;202390
DFNF;29;2;202390
DFNF;30;3;202390
DFNF;31;5;202390
DFNF;32;6;202390
DFNF;33;7;202390
DFNF;34;8;202390
DFNF;35;8;202390
DFNF;36;9;202390
DFNF;37;11;202390
DFNF;38;20;202390
DFUA;37;1;202390
DFUA;38;1;202390
DFUT;25;2;202390
DFUT;26;3;202390
DFUT;27;4;202390
DFUT;28;5;202390
DFUT;29;8;202390
DFUT;30;14;202390
DFUT;31;15;202390
DFUT;32;16;202390
DFUT;33;17;202390
DFUT;34;18;202390
DFUT;35;18;202390
DFUT;36;19;202390
DFUT;37;20;202390
DFUT;38;21;202390
DGCE;21;1;202390
DGCE;22;2;202390
DGCE;23;3;202390
DGCE;24;3;202390
DGCE;25;3;202390
DGCE;26;3;202390
DGCE;27;6;202390
DGCE;28;8;202390
DGCE;29;22;202390
DGCE;30;24;202390
DGCE;31;26;202390
DGCE;32;26;202390
DGCE;33;27;202390
DGCE;34;30;202390
DGCE;35;31;202390
DGCE;36;32;202390
DGCE;37;36;202390
DGCE;38;38;202390
DGCU;24;1;202390
DGCU;25;1;202390
DGCU;26;1;202390
DGCU;27;1;202390
DGCU;28;1;202390
DGCU;29;1;202390
DGCU;30;1;202390
DGCU;31;1;202390
DGCU;32;1;202390
DGCU;33;2;202390
DGCU;34;2;202390
DGCU;35;2;202390
DGCU;36;2;202390
DGCU;37;2;202390
DGCU;38;3;202390
DGEP;30;2;202390
DGEP;31;2;202390
DGEP;32;2;202390
DGEP;33;2;202390
DGEP;34;2;202390
DGEP;35;2;202390
DGEP;36;4;202390
DGEP;37;6;202390
DGEP;38;7;202390
DGGE;18;1;202390
DGGE;19;1;202390
DGGE;20;1;202390
DGGE;21;2;202390
DGGE;22;2;202390
DGGE;23;2;202390
DGGE;24;2;202390
DGGE;25;4;202390
DGGE;26;5;202390
DGGE;27;8;202390
DGGE;28;9;202390
DGGE;29;9;202390
DGGE;30;9;202390
DGGE;31;9;202390
DGGE;32;9;202390
DGGE;33;10;202390
DGGE;34;10;202390
DGGE;35;10;202390
DGGE;36;10;202390
DGGE;37;11;202390
DGGE;38;13;202390
DGPI;23;1;202390
DGPI;24;1;202390
DGPI;25;1;202390
DGPI;26;1;202390
DGPI;27;1;202390
DGPI;28;1;202390
DGPI;29;1;202390
DGPI;30;1;202390
DGPI;31;1;202390
DGPI;32;1;202390
DGPI;33;1;202390
DGPI;34;1;202390
DGPI;35;1;202390
DGPI;36;1;202390
DGPI;37;1;202390
DGPI;38;1;202390
DGRC;37;1;202390
DGRC;38;1;202390
DHUN;28;1;202390
DHUN;29;1;202390
DHUN;30;1;202390
DHUN;31;1;202390
DHUN;32;1;202390
DHUN;33;1;202390
DHUN;34;1;202390
DHUN;35;1;202390
DHUN;36;1;202390
DHUN;37;1;202390
DHUN;38;1;202390
DIDS;29;1;202390
DIDS;30;1;202390
DIDS;31;1;202390
DIDS;32;1;202390
DIDS;33;1;202390
DIDS;34;1;202390
DIDS;35;1;202390
DIDS;36;1;202390
DIDS;37;2;202390
DIDS;38;2;202390
DIFI;25;2;202390
DIFI;26;3;202390
DIFI;27;3;202390
DIFI;28;4;202390
DIFI;29;4;202390
DIFI;30;4;202390
DIFI;31;5;202390
DIFI;32;5;202390
DIFI;33;5;202390
DIFI;34;5;202390
DIFI;35;5;202390
DIFI;36;5;202390
DIFI;37;5;202390
DIFI;38;5;202390
DIGP;29;2;202390
DIGP;30;2;202390
DIGP;31;2;202390
DIGP;32;2;202390
DIGP;33;2;202390
DIGP;34;2;202390
DIGP;35;2;202390
DIGP;36;3;202390
DIGP;37;3;202390
DIGP;38;3;202390
DIND;18;2;202390
DIND;19;3;202390
DIND;20;3;202390
DIND;21;3;202390
DIND;22;3;202390
DIND;23;3;202390
DIND;24;3;202390
DIND;25;4;202390
DIND;26;5;202390
DIND;27;7;202390
DIND;28;9;202390
DIND;29;9;202390
DIND;30;9;202390
DIND;31;10;202390
DIND;32;11;202390
DIND;33;12;202390
DIND;34;13;202390
DIND;35;15;202390
DIND;36;17;202390
DIND;37;18;202390
DIND;38;18;202390
DIOD;16;1;202390
DIOD;17;1;202390
DIOD;18;2;202390
DIOD;19;4;202390
DIOD;20;4;202390
DIOD;21;4;202390
DIOD;22;4;202390
DIOD;23;4;202390
DIOD;24;4;202390
DIOD;25;4;202390
DIOD;26;4;202390
DIOD;27;5;202390
DIOD;28;5;202390
DIOD;29;6;202390
DIOD;30;6;202390
DIOD;31;7;202390
DIOD;32;7;202390
DIOD;33;7;202390
DIOD;34;9;202390
DIOD;35;9;202390
DIOD;36;9;202390
DIOD;37;9;202390
DIOD;38;10;202390
DIPP;34;1;202390
DIPP;35;1;202390
DIPP;36;1;202390
DIPP;37;3;202390
DIPP;38;3;202390
DIQP;10;1;202390
DIQP;11;4;202390
DIQP;12;7;202390
DIQP;13;8;202390
DIQP;14;8;202390
DIQP;15;8;202390
DIQP;16;8;202390
DIQP;17;8;202390
DIQP;18;11;202390
DIQP;19;15;202390
DIQP;20;19;202390
DIQP;21;20;202390
DIQP;22;21;202390
DIQP;23;23;202390
DIQP;24;27;202390
DIQP;25;33;202390
DIQP;26;35;202390
DIQP;27;40;202390
DIQP;28;41;202390
DIQP;29;42;202390
DIQP;30;42;202390
DIQP;31;42;202390
DIQP;32;42;202390
DIQP;33;42;202390
DIQP;34;42;202390
DIQP;35;42;202390
DIQP;36;42;202390
DIQP;37;42;202390
DIQP;38;42;202390
DIRN;37;1;202390
DIRN;38;1;202390
DISI;21;1;202390
DISI;22;1;202390
DISI;23;1;202390
DISI;24;1;202390
DISI;25;2;202390
DISI;26;3;202390
DISI;27;3;202390
DISI;28;4;202390
DISI;29;6;202390
DISI;30;7;202390
DISI;31;9;202390
DISI;32;9;202390
DISI;33;10;202390
DISI;34;12;202390
DISI;35;12;202390
DISI;36;12;202390
DISI;37;14;202390
DISI;38;16;202390
DKAD;19;2;202390
DKAD;20;2;202390
DKAD;21;2;202390
DKAD;22;4;202390
DKAD;23;5;202390
DKAD;24;6;202390
DKAD;25;7;202390
DKAD;26;10;202390
DKAD;27;11;202390
DKAD;28;12;202390
DKAD;29;13;202390
DKAD;30;15;202390
DKAD;31;16;202390
DKAD;32;16;202390
DKAD;33;16;202390
DKAD;34;17;202390
DKAD;35;19;202390
DKAD;36;22;202390
DKAD;37;24;202390
DKAD;38;25;202390
DLDP;29;4;202390
DLDP;30;4;202390
DLDP;31;4;202390
DLDP;32;4;202390
DLDP;33;4;202390
DLDP;34;4;202390
DLDP;35;4;202390
DLDP;36;4;202390
DLDP;37;4;202390
DLDP;38;4;202390
DLEA;38;1;202390
DLEE;35;1;202390
DLEE;36;1;202390
DLEE;37;3;202390
DLEE;38;3;202390
DLGC;37;1;202390
DLGC;38;3;202390
DLIP;19;1;202390
DLIP;20;1;202390
DLIP;21;1;202390
DLIP;22;1;202390
DLIP;23;1;202390
DLIP;24;1;202390
DLIP;25;1;202390
DLIP;26;1;202390
DLIP;27;1;202390
DLIP;28;1;202390
DLIP;29;1;202390
DLIP;30;2;202390
DLIP;31;2;202390
DLIP;32;2;202390
DLIP;33;2;202390
DLIP;34;2;202390
DLIP;35;2;202390
DLIP;36;2;202390
DLIP;37;2;202390
DLIP;38;3;202390
DMCE;21;1;202390
DMCE;22;1;202390
DMCE;23;5;202390
DMCE;24;5;202390
DMCE;25;6;202390
DMCE;26;8;202390
DMCE;27;14;202390
DMCE;28;14;202390
DMCE;29;14;202390
DMCE;30;16;202390
DMCE;31;16;202390
DMCE;32;17;202390
DMCE;33;18;202390
DMCE;34;18;202390
DMCE;35;18;202390
DMCE;36;19;202390
DMCE;37;21;202390
DMCE;38;21;202390
DMEP;34;1;202390
DMEP;35;3;202390
DMEP;36;3;202390
DMEP;37;3;202390
DMEP;38;3;202390
DMOR;22;1;202390
DMOR;23;1;202390
DMOR;24;3;202390
DMOR;25;3;202390
DMOR;26;3;202390
DMOR;27;4;202390
DMOR;28;4;202390
DMOR;29;5;202390
DMOR;30;7;202390
DMOR;31;8;202390
DMOR;32;8;202390
DMOR;33;9;202390
DMOR;34;10;202390
DMOR;35;11;202390
DMOR;36;12;202390
DMOR;37;13;202390
DMOR;38;13;202390
DMTT;17;1;202390
DMTT;18;1;202390
DMTT;19;1;202390
DMTT;20;1;202390
DMTT;21;2;202390
DMTT;22;2;202390
DMTT;23;2;202390
DMTT;24;3;202390
DMTT;25;3;202390
DMTT;26;5;202390
DMTT;27;6;202390
DMTT;28;6;202390
DMTT;29;8;202390
DMTT;30;8;202390
DMTT;31;8;202390
DMTT;32;8;202390
DMTT;33;8;202390
DMTT;34;10;202390
DMTT;35;10;202390
DMTT;36;10;202390
DMTT;37;11;202390
DMTT;38;13;202390
DNEO;15;1;202390
DNEO;16;1;202390
DNEO;17;1;202390
DNEO;18;1;202390
DNEO;19;1;202390
DNEO;20;1;202390
DNEO;21;1;202390
DNEO;22;1;202390
DNEO;23;1;202390
DNEO;24;1;202390
DNEO;25;1;202390
DNEO;26;1;202390
DNEO;27;1;202390
DNEO;28;1;202390
DNEO;29;1;202390
DNEO;30;5;202390
DNEO;31;5;202390
DNEO;32;5;202390
DNEO;33;7;202390
DNEO;34;7;202390
DNEO;35;7;202390
DNEO;36;8;202390
DNEO;37;8;202390
DNEO;38;9;202390
DOCB;35;4;202390
DOCB;36;4;202390
DOCB;37;4;202390
DOCB;38;4;202390
DOCI;34;3;202390
DOCI;35;4;202390
DOCI;36;4;202390
DOCI;37;4;202390
DOCI;38;4;202390
DOCM;20;1;202390
DOCM;21;1;202390
DOCM;22;1;202390
DOCM;23;1;202390
DOCM;24;1;202390
DOCM;25;1;202390
DOCM;26;1;202390
DOCM;27;1;202390
DOCM;28;1;202390
DOCM;29;1;202390
DOCM;30;1;202390
DOCM;31;1;202390
DOCM;32;1;202390
DOCM;33;1;202390
DOCM;34;1;202390
DOCM;35;1;202390
DOCM;36;1;202390
DOCM;37;1;202390
DOCM;38;1;202390
DODE;34;1;202390
DODE;35;2;202390
DODE;36;3;202390
DODE;37;3;202390
DODE;38;3;202390
DODP;12;2;202390
DODP;13;2;202390
DODP;14;2;202390
DODP;15;2;202390
DODP;16;2;202390
DODP;17;3;202390
DODP;18;5;202390
DODP;19;5;202390
DODP;20;7;202390
DODP;21;8;202390
DODP;22;8;202390
DODP;23;8;202390
DODP;24;9;202390
DODP;25;12;202390
DODP;26;12;202390
DODP;27;12;202390
DODP;28;13;202390
DODP;29;13;202390
DODP;30;14;202390
DODP;31;15;202390
DODP;32;15;202390
DODP;33;16;202390
DODP;34;16;202390
DODP;35;16;202390
DODP;36;16;202390
DODP;37;16;202390
DODP;38;16;202390
DOFI;34;3;202390
DOFI;35;4;202390
DOFI;36;4;202390
DOFI;37;4;202390
DOFI;38;4;202390
DOHI;34;4;202390
DOHI;35;5;202390
DOHI;36;6;202390
DOHI;37;6;202390
DOHI;38;6;202390
DOIA;25;1;202390
DOIA;26;1;202390
DOIA;27;1;202390
DOIA;28;1;202390
DOIA;29;1;202390
DOIA;30;1;202390
DOIA;31;1;202390
DOIA;32;1;202390
DOIA;33;1;202390
DOIA;34;1;202390
DOIA;35;1;202390
DOIA;36;1;202390
DOIA;37;1;202390
DOIA;38;1;202390
DOPI;12;2;202390
DOPI;13;4;202390
DOPI;14;6;202390
DOPI;15;8;202390
DOPI;16;11;202390
DOPI;17;11;202390
DOPI;18;12;202390
DOPI;19;16;202390
DOPI;20;19;202390
DOPI;21;21;202390
DOPI;22;24;202390
DOPI;23;26;202390
DOPI;24;27;202390
DOPI;25;31;202390
DOPI;26;33;202390
DOPI;27;34;202390
DOPI;28;36;202390
DOPI;29;37;202390
DOPI;30;40;202390
DOPI;31;42;202390
DOPI;32;42;202390
DOPI;33;42;202390
DOPI;34;42;202390
DOPI;35;42;202390
DOPI;36;42;202390
DOPI;37;42;202390
DOPI;38;44;202390
DORE;27;1;202390
DORE;28;1;202390
DORE;29;1;202390
DORE;30;1;202390
DORE;31;1;202390
DORE;32;1;202390
DORE;33;1;202390
DORE;34;1;202390
DORE;35;1;202390
DORE;36;1;202390
DORE;37;1;202390
DORE;38;1;202390
DPAD;16;1;202390
DPAD;17;3;202390
DPAD;18;4;202390
DPAD;19;4;202390
DPAD;20;4;202390
DPAD;21;5;202390
DPAD;22;5;202390
DPAD;23;5;202390
DPAD;24;5;202390
DPAD;25;5;202390
DPAD;26;5;202390
DPAD;27;5;202390
DPAD;28;6;202390
DPAD;29;6;202390
DPAD;30;7;202390
DPAD;31;7;202390
DPAD;32;8;202390
DPAD;33;8;202390
DPAD;34;8;202390
DPAD;35;8;202390
DPAD;36;8;202390
DPAD;37;8;202390
DPAD;38;8;202390
DPEN;13;2;202390
DPEN;14;2;202390
DPEN;15;5;202390
DPEN;16;7;202390
DPEN;17;7;202390
DPEN;18;9;202390
DPEN;19;10;202390
DPEN;20;10;202390
DPEN;21;11;202390
DPEN;22;11;202390
DPEN;23;11;202390
DPEN;24;11;202390
DPEN;25;12;202390
DPEN;26;12;202390
DPEN;27;14;202390
DPEN;28;14;202390
DPEN;29;16;202390
DPEN;30;17;202390
DPEN;31;18;202390
DPEN;32;18;202390
DPEN;33;18;202390
DPEN;34;20;202390
DPEN;35;20;202390
DPEN;36;20;202390
DPEN;37;20;202390
DPEN;38;22;202390
DPPC;20;1;202390
DPPC;21;3;202390
DPPC;22;3;202390
DPPC;23;3;202390
DPPC;24;4;202390
DPPC;25;4;202390
DPPC;26;4;202390
DPPC;27;5;202390
DPPC;28;5;202390
DPPC;29;6;202390
DPPC;30;7;202390
DPPC;31;7;202390
DPPC;32;8;202390
DPPC;33;10;202390
DPPC;34;11;202390
DPPC;35;12;202390
DPPC;36;13;202390
DPPC;37;15;202390
DPPC;38;17;202390
DPPE;25;1;202390
DPPE;26;1;202390
DPPE;27;1;202390
DPPE;28;1;202390
DPPE;29;1;202390
DPPE;30;1;202390
DPPE;31;1;202390
DPPE;32;1;202390
DPPE;33;1;202390
DPPE;34;1;202390
DPPE;35;2;202390
DPPE;36;2;202390
DPPE;37;3;202390
DPPE;38;4;202390
DPSM;23;1;202390
DPSM;24;1;202390
DPSM;25;1;202390
DPSM;26;1;202390
DPSM;27;1;202390
DPSM;28;1;202390
DPSM;29;2;202390
DPSM;30;2;202390
DPSM;31;2;202390
DPSM;32;2;202390
DPSM;33;2;202390
DPSM;34;2;202390
DPSM;35;3;202390
DPSM;36;3;202390
DPSM;37;4;202390
DPSM;38;4;202390
DRET;24;1;202390
DRET;25;1;202390
DRET;26;1;202390
DRET;27;1;202390
DRET;28;1;202390
DRET;29;1;202390
DRET;30;1;202390
DRET;31;1;202390
DRET;32;1;202390
DRET;33;1;202390
DRET;34;1;202390
DRET;35;2;202390
DRET;36;2;202390
DRET;37;2;202390
DRET;38;2;202390
DRGP;23;1;202390
DRGP;24;1;202390
DRGP;25;1;202390
DRGP;26;1;202390
DRGP;27;2;202390
DRGP;28;2;202390
DRGP;29;2;202390
DRGP;30;2;202390
DRGP;31;2;202390
DRGP;32;2;202390
DRGP;33;2;202390
DRGP;34;2;202390
DRGP;35;2;202390
DRGP;36;2;202390
DRGP;37;2;202390
DRGP;38;2;202390
DRNA;27;1;202390
DRNA;28;1;202390
DRNA;29;1;202390
DRNA;30;1;202390
DRNA;31;1;202390
DRNA;32;1;202390
DRNA;33;1;202390
DRNA;34;1;202390
DRNA;35;1;202390
DRNA;36;2;202390
DRNA;37;5;202390
DRNA;38;5;202390
DSCE;13;1;202390
DSCE;14;1;202390
DSCE;15;1;202390
DSCE;16;2;202390
DSCE;17;2;202390
DSCE;18;3;202390
DSCE;19;3;202390
DSCE;20;3;202390
DSCE;21;4;202390
DSCE;22;5;202390
DSCE;23;6;202390
DSCE;24;6;202390
DSCE;25;7;202390
DSCE;26;7;202390
DSCE;27;7;202390
DSCE;28;9;202390
DSCE;29;9;202390
DSCE;30;13;202390
DSCE;31;16;202390
DSCE;32;16;202390
DSCE;33;16;202390
DSCE;34;16;202390
DSCE;35;16;202390
DSCE;36;17;202390
DSCE;37;18;202390
DSCE;38;18;202390
DSMP;13;1;202390
DSMP;14;1;202390
DSMP;15;3;202390
DSMP;16;3;202390
DSMP;17;3;202390
DSMP;18;3;202390
DSMP;19;3;202390
DSMP;20;3;202390
DSMP;21;3;202390
DSMP;22;3;202390
DSMP;23;3;202390
DSMP;24;3;202390
DSMP;25;3;202390
DSMP;26;6;202390
DSMP;27;7;202390
DSMP;28;8;202390
DSMP;29;8;202390
DSMP;30;8;202390
DSMP;31;9;202390
DSMP;32;9;202390
DSMP;33;10;202390
DSMP;34;11;202390
DSMP;35;11;202390
DSMP;36;13;202390
DSMP;37;13;202390
DSMP;38;14;202390
DTCG;21;1;202390
DTCG;22;1;202390
DTCG;23;1;202390
DTCG;24;1;202390
DTCG;25;1;202390
DTCG;26;1;202390
DTCG;27;2;202390
DTCG;28;3;202390
DTCG;29;3;202390
DTCG;30;3;202390
DTCG;31;3;202390
DTCG;32;3;202390
DTCG;33;3;202390
DTCG;34;3;202390
DTCG;35;3;202390
DTCG;36;4;202390
DTCG;37;4;202390
DTCG;38;4;202390
ECAN;18;1;202390
ECAN;19;1;202390
ECAN;20;1;202390
ECAN;21;1;202390
ECAN;22;1;202390
ECAN;23;1;202390
ECAN;24;1;202390
ECAN;25;1;202390
ECAN;26;1;202390
ECAN;27;1;202390
ECAN;28;1;202390
ECAN;29;1;202390
ECAN;30;1;202390
ECAN;31;1;202390
ECAN;32;1;202390
ECAN;33;1;202390
ECAN;34;1;202390
ECAN;35;1;202390
ECAN;36;1;202390
ECAN;37;1;202390
ECAN;38;1;202390
ECKI;36;2;202390
ECKI;37;2;202390
ECKI;38;2;202390
ECMI;26;1;202390
ECMI;27;1;202390
ECMI;28;1;202390
ECMI;29;1;202390
ECMI;30;1;202390
ECMI;31;1;202390
ECMI;32;1;202390
ECMI;33;1;202390
ECMI;34;1;202390
ECMI;35;1;202390
ECMI;36;1;202390
ECMI;37;1;202390
ECMI;38;1;202390
ECNE;21;1;202390
ECNE;22;1;202390
ECNE;23;1;202390
ECNE;24;1;202390
ECNE;25;1;202390
ECNE;26;1;202390
ECNE;27;1;202390
ECNE;28;1;202390
ECNE;29;1;202390
ECNE;30;1;202390
ECNE;31;1;202390
ECNE;32;1;202390
ECNE;33;1;202390
ECNE;34;1;202390
ECNE;35;1;202390
ECNE;36;1;202390
ECNE;37;1;202390
ECNE;38;1;202390
EMAN;27;4;202390
EMAN;28;5;202390
EMAN;29;5;202390
EMAN;30;5;202390
EMAN;31;5;202390
EMAN;32;5;202390
EMAN;33;5;202390
EMAN;34;5;202390
EMAN;35;5;202390
EMAN;36;5;202390
EMAN;37;5;202390
EMAN;38;5;202390
EMCG;27;1;202390
EMCG;28;1;202390
EMCG;29;1;202390
EMCG;30;1;202390
EMCG;31;1;202390
EMCG;32;1;202390
EMCG;33;1;202390
EMCG;34;1;202390
EMCG;35;1;202390
EMCG;36;1;202390
EMCG;37;1;202390
EMCG;38;1;202390
EMCT;30;1;202390
EMCT;31;1;202390
EMCT;32;1;202390
EMCT;33;1;202390
EMCT;34;1;202390
EMCT;35;1;202390
EMCT;36;1;202390
EMCT;37;1;202390
EMCT;38;1;202390
EMFL;28;1;202390
EMFL;29;1;202390
EMFL;30;1;202390
EMFL;31;1;202390
EMFL;32;1;202390
EMFL;33;1;202390
EMFL;34;1;202390
EMFL;35;1;202390
EMFL;36;2;202390
EMFL;37;2;202390
EMFL;38;2;202390
EMMI;28;4;202390
EMMI;29;4;202390
EMMI;30;4;202390
EMMI;31;4;202390
EMMI;32;4;202390
EMMI;33;4;202390
EMMI;34;4;202390
EMMI;35;4;202390
EMMI;36;4;202390
EMMI;37;4;202390
EMMI;38;4;202390
EMNE;28;2;202390
EMNE;29;2;202390
EMNE;30;2;202390
EMNE;31;2;202390
EMNE;32;2;202390
EMNE;33;2;202390
EMNE;34;2;202390
EMNE;35;2;202390
EMNE;36;2;202390
EMNE;37;2;202390
EMNE;38;2;202390
EMOT;28;2;202390
EMOT;29;2;202390
EMOT;30;3;202390
EMOT;31;3;202390
EMOT;32;3;202390
EMOT;33;3;202390
EMOT;34;3;202390
EMOT;35;3;202390
EMOT;36;3;202390
EMOT;37;3;202390
EMOT;38;3;202390
EMPE;28;1;202390
EMPE;29;1;202390
EMPE;30;1;202390
EMPE;31;1;202390
EMPE;32;1;202390
EMPE;33;1;202390
EMPE;34;1;202390
EMPE;35;1;202390
EMPE;36;1;202390
EMPE;37;1;202390
EMPE;38;1;202390
EMPS;30;2;202390
EMPS;31;2;202390
EMPS;32;2;202390
EMPS;33;2;202390
EMPS;34;2;202390
EMPS;35;2;202390
EMPS;36;2;202390
EMPS;37;2;202390
EMPS;38;2;202390
EMRA;28;2;202390
EMRA;29;2;202390
EMRA;30;2;202390
EMRA;31;2;202390
EMRA;32;2;202390
EMRA;33;2;202390
EMRA;34;2;202390
EMRA;35;2;202390
EMRA;36;2;202390
EMRA;37;2;202390
EMRA;38;2;202390
EMUG;36;1;202390
EMUG;37;2;202390
EMUG;38;2;202390
EOCM;17;2;202390
EOCM;18;4;202390
EOCM;19;4;202390
EOCM;20;4;202390
EOCM;21;4;202390
EOCM;22;4;202390
EOCM;23;4;202390
EOCM;24;4;202390
EOCM;25;4;202390
EOCM;26;5;202390
EOCM;27;5;202390
EOCM;28;6;202390
EOCM;29;6;202390
EOCM;30;6;202390
EOCM;31;6;202390
EOCM;32;6;202390
EOCM;33;6;202390
EOCM;34;6;202390
EOCM;35;6;202390
EOCM;36;6;202390
EOCM;37;6;202390
EOCM;38;6;202390
EOEN;16;4;202390
EOEN;17;11;202390
EOEN;18;11;202390
EOEN;19;11;202390
EOEN;20;12;202390
EOEN;21;12;202390
EOEN;22;12;202390
EOEN;23;12;202390
EOEN;24;12;202390
EOEN;25;12;202390
EOEN;26;13;202390
EOEN;27;13;202390
EOEN;28;13;202390
EOEN;29;13;202390
EOEN;30;13;202390
EOEN;31;13;202390
EOEN;32;13;202390
EOEN;33;13;202390
EOEN;34;14;202390
EOEN;35;14;202390
EOEN;36;14;202390
EOEN;37;14;202390
EOEN;38;14;202390
EOIM;16;1;202390
EOIM;17;1;202390
EOIM;18;1;202390
EOIM;19;1;202390
EOIM;20;2;202390
EOIM;21;3;202390
EOIM;22;3;202390
EOIM;23;4;202390
EOIM;24;5;202390
EOIM;25;5;202390
EOIM;26;5;202390
EOIM;27;6;202390
EOIM;28;6;202390
EOIM;29;6;202390
EOIM;30;6;202390
EOIM;31;6;202390
EOIM;32;6;202390
EOIM;33;6;202390
EOIM;34;6;202390
EOIM;35;6;202390
EOIM;36;6;202390
EOIM;37;6;202390
EOIM;38;6;202390
EOIO;18;10;202390
EOIO;19;10;202390
EOIO;20;10;202390
EOIO;21;10;202390
EOIO;22;10;202390
EOIO;23;10;202390
EOIO;24;10;202390
EOIO;25;10;202390
EOIO;26;10;202390
EOIO;27;10;202390
EOIO;28;10;202390
EOIO;29;10;202390
EOIO;30;10;202390
EOIO;31;10;202390
EOIO;32;10;202390
EOIO;33;10;202390
EOIO;34;10;202390
EOIO;35;10;202390
EOIO;36;10;202390
EOIO;37;10;202390
EOIO;38;10;202390
EOOP;15;8;202390
EOOP;16;8;202390
EOOP;17;8;202390
EOOP;18;8;202390
EOOP;19;8;202390
EOOP;20;8;202390
EOOP;21;8;202390
EOOP;22;8;202390
EOOP;23;8;202390
EOOP;24;8;202390
EOOP;25;8;202390
EOOP;26;8;202390
EOOP;27;8;202390
EOOP;28;8;202390
EOOP;29;8;202390
EOOP;30;8;202390
EOOP;31;8;202390
EOOP;32;8;202390
EOOP;33;8;202390
EOOP;34;8;202390
EOOP;35;9;202390
EOOP;36;9;202390
EOOP;37;9;202390
EOOP;38;9;202390
EOOR;18;5;202390
EOOR;19;6;202390
EOOR;20;6;202390
EOOR;21;6;202390
EOOR;22;6;202390
EOOR;23;6;202390
EOOR;24;8;202390
EOOR;25;9;202390
EOOR;26;9;202390
EOOR;27;9;202390
EOOR;28;9;202390
EOOR;29;9;202390
EOOR;30;9;202390
EOOR;31;9;202390
EOOR;32;9;202390
EOOR;33;9;202390
EOOR;34;9;202390
EOOR;35;9;202390
EOOR;36;9;202390
EOOR;37;9;202390
EOOR;38;9;202390
EOPE;16;5;202390
EOPE;17;8;202390
EOPE;18;8;202390
EOPE;19;8;202390
EOPE;20;8;202390
EOPE;21;9;202390
EOPE;22;9;202390
EOPE;23;9;202390
EOPE;24;9;202390
EOPE;25;10;202390
EOPE;26;10;202390
EOPE;27;10;202390
EOPE;28;10;202390
EOPE;29;10;202390
EOPE;30;10;202390
EOPE;31;10;202390
EOPE;32;10;202390
EOPE;33;10;202390
EOPE;34;10;202390
EOPE;35;10;202390
EOPE;36;10;202390
EOPE;37;10;202390
EOPE;38;10;202390
EORO;17;8;202390
EORO;18;10;202390
EORO;19;10;202390
EORO;20;10;202390
EORO;21;10;202390
EORO;22;10;202390
EORO;23;10;202390
EORO;24;10;202390
EORO;25;10;202390
EORO;26;11;202390
EORO;27;11;202390
EORO;28;11;202390
EORO;29;11;202390
EORO;30;11;202390
EORO;31;11;202390
EORO;32;11;202390
EORO;33;11;202390
EORO;34;11;202390
EORO;35;11;202390
EORO;36;12;202390
EORO;37;12;202390
EORO;38;12;202390
EOTT;15;3;202390
EOTT;16;4;202390
EOTT;17;5;202390
EOTT;18;5;202390
EOTT;19;6;202390
EOTT;20;6;202390
EOTT;21;6;202390
EOTT;22;6;202390
EOTT;23;6;202390
EOTT;24;7;202390
EOTT;25;7;202390
EOTT;26;7;202390
EOTT;27;7;202390
EOTT;28;7;202390
EOTT;29;7;202390
EOTT;30;7;202390
EOTT;31;7;202390
EOTT;32;7;202390
EOTT;33;7;202390
EOTT;34;7;202390
EOTT;35;7;202390
EOTT;36;7;202390
EOTT;37;7;202390
EOTT;38;7;202390
EPAH;24;1;202390
EPAH;25;1;202390
EPAH;26;1;202390
EPAH;27;1;202390
EPAH;28;1;202390
EPAH;29;1;202390
EPAH;30;1;202390
EPAH;31;1;202390
EPAH;32;1;202390
EPAH;33;1;202390
EPAH;34;1;202390
EPAH;35;1;202390
EPAH;36;1;202390
EPAH;37;1;202390
EPAH;38;1;202390
EPAQ;19;2;202390
EPAQ;20;2;202390
EPAQ;21;2;202390
EPAQ;22;3;202390
EPAQ;23;3;202390
EPAQ;24;3;202390
EPAQ;25;3;202390
EPAQ;26;3;202390
EPAQ;27;3;202390
EPAQ;28;3;202390
EPAQ;29;3;202390
EPAQ;30;3;202390
EPAQ;31;3;202390
EPAQ;32;3;202390
EPAQ;33;3;202390
EPAQ;34;3;202390
EPAQ;35;3;202390
EPAQ;36;3;202390
EPAQ;37;3;202390
EPAQ;38;3;202390
MADP;23;1;202390
MADP;24;2;202390
MADP;25;5;202390
MADP;26;5;202390
MADP;27;5;202390
MADP;28;5;202390
MADP;29;5;202390
MADP;30;6;202390
MADP;31;7;202390
MADP;32;8;202390
MADP;33;8;202390
MADP;34;8;202390
MADP;35;9;202390
MADP;36;9;202390
MADP;37;13;202390
MADP;38;24;202390
MAEC;25;1;202390
MAEC;26;1;202390
MAEC;27;2;202390
MAEC;28;2;202390
MAEC;29;2;202390
MAEC;30;2;202390
MAEC;31;2;202390
MAEC;32;2;202390
MAEC;33;2;202390
MAEC;34;2;202390
MAEC;35;2;202390
MAEC;36;2;202390
MAEC;37;2;202390
MAEC;38;2;202390
MAFM;19;1;202390
MAFM;20;1;202390
MAFM;21;2;202390
MAFM;22;2;202390
MAFM;23;2;202390
MAFM;24;2;202390
MAFM;25;2;202390
MAFM;26;2;202390
MAFM;27;2;202390
MAFM;28;2;202390
MAFM;29;2;202390
MAFM;30;2;202390
MAFM;31;3;202390
MAFM;32;3;202390
MAFM;33;3;202390
MAFM;34;4;202390
MAFM;35;4;202390
MAFM;36;4;202390
MAFM;37;4;202390
MAFM;38;5;202390
MAGS;20;2;202390
MAGS;21;3;202390
MAGS;22;3;202390
MAGS;23;4;202390
MAGS;24;4;202390
MAGS;25;4;202390
MAGS;26;5;202390
MAGS;27;5;202390
MAGS;28;6;202390
MAGS;29;7;202390
MAGS;30;10;202390
MAGS;31;10;202390
MAGS;32;10;202390
MAGS;33;12;202390
MAGS;34;12;202390
MAGS;35;13;202390
MAGS;36;14;202390
MAGS;37;14;202390
MAGS;38;17;202390
MAIN;38;1;202390
MDAD;19;1;202390
MDAD;20;4;202390
MDAD;21;6;202390
MDAD;22;8;202390
MDAD;23;8;202390
MDAD;24;10;202390
MDAD;25;14;202390
MDAD;26;15;202390
MDAD;27;16;202390
MDAD;28;17;202390
MDAD;29;18;202390
MDAD;30;19;202390
MDAD;31;20;202390
MDAD;32;20;202390
MDAD;33;20;202390
MDAD;34;20;202390
MDAD;35;21;202390
MDAD;36;23;202390
MDAD;37;26;202390
MDAD;38;30;202390
MDDE;18;1;202390
MDDE;19;2;202390
MDDE;20;2;202390
MDDE;21;2;202390
MDDE;22;3;202390
MDDE;23;3;202390
MDDE;24;4;202390
MDDE;25;4;202390
MDDE;26;6;202390
MDDE;27;6;202390
MDDE;28;7;202390
MDDE;29;10;202390
MDDE;30;10;202390
MDDE;31;10;202390
MDDE;32;11;202390
MDDE;33;11;202390
MDDE;34;11;202390
MDDE;35;13;202390
MDDE;36;15;202390
MDDE;37;16;202390
MDDE;38;16;202390
MDFI;26;1;202390
MDFI;27;1;202390
MDFI;28;1;202390
MDFI;29;2;202390
MDFI;30;2;202390
MDFI;31;2;202390
MDFI;32;2;202390
MDFI;33;2;202390
MDFI;34;5;202390
MDFI;35;5;202390
MDFI;36;7;202390
MDFI;37;8;202390
MDFI;38;13;202390
MDGE;23;1;202390
MDGE;24;2;202390
MDGE;25;3;202390
MDGE;26;4;202390
MDGE;27;4;202390
MDGE;28;5;202390
MDGE;29;12;202390
MDGE;30;14;202390
MDGE;31;15;202390
MDGE;32;15;202390
MDGE;33;15;202390
MDGE;34;16;202390
MDGE;35;16;202390
MDGE;36;18;202390
MDGE;37;18;202390
MDGE;38;19;202390
MDPE;25;2;202390
MDPE;26;3;202390
MDPE;27;4;202390
MDPE;28;5;202390
MDPE;29;5;202390
MDPE;30;7;202390
MDPE;31;8;202390
MDPE;32;8;202390
MDPE;33;10;202390
MDPE;34;10;202390
MDPE;35;12;202390
MDPE;36;14;202390
MDPE;37;15;202390
MDPE;38;17;202390
MDRC;20;1;202390
MDRC;21;1;202390
MDRC;22;1;202390
MDRC;23;1;202390
MDRC;24;1;202390
MDRC;25;1;202390
MDRC;26;2;202390
MDRC;27;2;202390
MDRC;28;2;202390
MDRC;29;2;202390
MDRC;30;2;202390
MDRC;31;3;202390
MDRC;32;3;202390
MDRC;33;3;202390
MDRC;34;3;202390
MDRC;35;3;202390
MDRC;36;3;202390
MDRC;37;4;202390
MDRC;38;4;202390
MDTR;13;2;202390
MDTR;14;2;202390
MDTR;15;2;202390
MDTR;16;3;202390
MDTR;17;4;202390
MDTR;18;4;202390
MDTR;19;4;202390
MDTR;20;6;202390
MDTR;21;7;202390
MDTR;22;8;202390
MDTR;23;8;202390
MDTR;24;8;202390
MDTR;25;10;202390
MDTR;26;11;202390
MDTR;27;11;202390
MDTR;28;11;202390
MDTR;29;11;202390
MDTR;30;14;202390
MDTR;31;14;202390
MDTR;32;14;202390
MDTR;33;15;202390
MDTR;34;16;202390
MDTR;35;18;202390
MDTR;36;21;202390
MDTR;37;21;202390
MDTR;38;25;202390
MDUC;37;2;202390
MDUC;38;2;202390
MEDU;20;1;202390
MEDU;21;1;202390
MEDU;22;1;202390
MEDU;23;1;202390
MEDU;24;1;202390
MEDU;25;4;202390
MEDU;26;5;202390
MEDU;27;7;202390
MEDU;28;8;202390
MEDU;29;10;202390
MEDU;30;12;202390
MEDU;31;16;202390
MEDU;32;16;202390
MEDU;33;16;202390
MEDU;34;17;202390
MEDU;35;19;202390
MEDU;36;19;202390
MEDU;37;21;202390
MEDU;38;22;202390
MEMG;14;1;202390
MEMG;15;1;202390
MEMG;16;1;202390
MEMG;17;1;202390
MEMG;18;2;202390
MEMG;19;2;202390
MEMG;20;3;202390
MEMG;21;3;202390
MEMG;22;4;202390
MEMG;23;5;202390
MEMG;24;6;202390
MEMG;25;8;202390
MEMG;26;8;202390
MEMG;27;8;202390
MEMG;28;8;202390
MEMG;29;9;202390
MEMG;30;10;202390
MEMG;31;10;202390
MEMG;32;10;202390
MEMG;33;10;202390
MEMG;34;10;202390
MEMG;35;10;202390
MEMG;36;12;202390
MEMG;37;12;202390
MEMG;38;12;202390
MEPI;23;1;202390
MEPI;24;3;202390
MEPI;25;4;202390
MEPI;26;4;202390
MEPI;27;5;202390
MEPI;28;5;202390
MEPI;29;5;202390
MEPI;30;5;202390
MEPI;31;5;202390
MEPI;32;5;202390
MEPI;33;5;202390
MEPI;34;6;202390
MEPI;35;7;202390
MEPI;36;9;202390
MEPI;37;9;202390
MEPI;38;10;202390
MESP;19;1;202390
MESP;20;1;202390
MESP;21;1;202390
MESP;22;2;202390
MESP;23;4;202390
MESP;24;5;202390
MESP;25;5;202390
MESP;26;5;202390
MESP;27;5;202390
MESP;28;16;202390
MESP;29;23;202390
MESP;30;24;202390
MESP;31;24;202390
MESP;32;24;202390
MESP;33;24;202390
MESP;34;28;202390
MESP;35;29;202390
MESP;36;29;202390
MESP;37;29;202390
MESP;38;29;202390
MFIA;18;1;202390
MFIA;19;2;202390
MFIA;20;2;202390
MFIA;21;2;202390
MFIA;22;2;202390
MFIA;23;2;202390
MFIA;24;2;202390
MFIA;25;2;202390
MFIA;26;2;202390
MFIA;27;2;202390
MFIA;28;2;202390
MFIA;29;2;202390
MFIA;30;2;202390
MFIA;31;5;202390
MFIA;32;5;202390
MFIA;33;5;202390
MFIA;34;5;202390
MFIA;35;5;202390
MFIA;36;6;202390
MFIA;37;7;202390
MFIA;38;8;202390
MFIL;30;1;202390
MFIL;31;1;202390
MFIL;32;1;202390
MFIL;33;1;202390
MFIL;34;1;202390
MFIL;35;1;202390
MFIL;36;1;202390
MFIL;37;1;202390
MFIL;38;1;202390
MHGP;16;1;202390
MHGP;17;1;202390
MHGP;18;2;202390
MHGP;19;2;202390
MHGP;20;2;202390
MHGP;21;2;202390
MHGP;22;2;202390
MHGP;23;2;202390
MHGP;24;2;202390
MHGP;25;2;202390
MHGP;26;2;202390
MHGP;27;2;202390
MHGP;28;3;202390
MHGP;29;4;202390
MHGP;30;6;202390
MHGP;31;6;202390
MHGP;32;6;202390
MHGP;33;6;202390
MHGP;34;6;202390
MHGP;35;6;202390
MHGP;36;7;202390
MHGP;37;7;202390
MHGP;38;7;202390
MNPP;13;1;202390
MNPP;14;1;202390
MNPP;15;1;202390
MNPP;16;1;202390
MNPP;17;1;202390
MNPP;18;1;202390
MNPP;19;1;202390
MNPP;20;1;202390
MNPP;21;2;202390
MNPP;22;2;202390
MNPP;23;2;202390
MNPP;24;2;202390
MNPP;25;2;202390
MNPP;26;2;202390
MNPP;27;3;202390
MNPP;28;4;202390
MNPP;29;4;202390
MNPP;30;6;202390
MNPP;31;6;202390
MNPP;32;6;202390
MNPP;33;6;202390
MNPP;34;9;202390
MNPP;35;10;202390
MNPP;36;10;202390
MNPP;37;12;202390
MNPP;38;12;202390
MPSP;20;1;202390
MPSP;21;3;202390
MPSP;22;3;202390
MPSP;23;4;202390
MPSP;24;4;202390
MPSP;25;9;202390
MPSP;26;10;202390
MPSP;27;11;202390
MPSP;28;11;202390
MPSP;29;11;202390
MPSP;30;12;202390
MPSP;31;14;202390
MPSP;32;17;202390
MPSP;33;18;202390
MPSP;34;19;202390
MPSP;35;21;202390
MPSP;36;21;202390
MPSP;37;23;202390
MPSP;38;25;202390
MSCF;25;4;202390
MSCF;26;4;202390
MSCF;27;6;202390
MSCF;28;6;202390
MSCF;29;6;202390
MSCF;30;6;202390
MSCF;31;6;202390
MSCF;32;6;202390
MSCF;33;6;202390
MSCF;34;6;202390
MSCF;35;7;202390
MSCF;36;7;202390
MSCF;37;7;202390
MSCF;38;7;202390
MSCM;25;3;202390
MSCM;26;4;202390
MSCM;27;6;202390
MSCM;28;6;202390
MSCM;29;6;202390
MSCM;30;6;202390
MSCM;31;7;202390
MSCM;32;7;202390
MSCM;33;7;202390
MSCM;34;7;202390
MSCM;35;7;202390
MSCM;36;7;202390
MSCM;37;7;202390
MSCM;38;8;202390
MTEM;18;3;202390
MTEM;19;3;202390
MTEM;20;5;202390
MTEM;21;7;202390
MTEM;22;7;202390
MTEM;23;7;202390
MTEM;24;8;202390
MTEM;25;9;202390
MTEM;26;10;202390
MTEM;27;11;202390
MTEM;28;12;202390
MTEM;29;12;202390
MTEM;30;13;202390
MTEM;31;15;202390
MTEM;32;15;202390
MTEM;33;15;202390
MTEM;34;16;202390
MTEM;35;16;202390
MTEM;36;16;202390
MTEM;37;18;202390
MTEM;38;20;202390
PEIN;30;1;202390
PEIN;31;1;202390
PEIN;32;1;202390
PEIN;33;1;202390
PEIN;34;1;202390
PEIN;35;1;202390
PEIN;36;1;202390
PEIN;37;1;202390
PEIN;38;1;202390
PEOG;13;4;202390
PEOG;14;6;202390
PEOG;15;8;202390
PEOG;16;10;202390
PEOG;17;10;202390
PEOG;18;11;202390
PEOG;19;12;202390
PEOG;20;13;202390
PEOG;21;17;202390
PEOG;22;18;202390
PEOG;23;19;202390
PEOG;24;20;202390
PEOG;25;21;202390
PEOG;26;22;202390
PEOG;27;24;202390
PEOG;28;24;202390
PEOG;29;25;202390
PEOG;30;25;202390
PEOG;31;25;202390
PEOG;32;25;202390
PEOG;33;25;202390
PEOG;34;25;202390
PEOG;35;27;202390
PEOG;36;28;202390
PEOG;37;29;202390
PEOG;38;34;202390
PEPA;18;1;202390
PEPA;19;1;202390
PEPA;20;1;202390
PEPA;21;1;202390
PEPA;22;1;202390
PEPA;23;1;202390
PEPA;24;1;202390
PEPA;25;1;202390
PEPA;26;1;202390
PEPA;27;1;202390
PEPA;28;1;202390
PEPA;29;1;202390
PEPA;30;1;202390
PEPA;31;2;202390
PEPA;32;2;202390
PEPA;33;3;202390
PEPA;34;3;202390
PEPA;35;3;202390
PEPA;36;3;202390
PEPA;37;3;202390
PEPA;38;3;202390
PFIL;28;1;202390
PFIL;29;1;202390
PFIL;30;1;202390
PFIL;31;1;202390
PFIL;32;1;202390
PFIL;33;1;202390
PFIL;34;1;202390
PFIL;35;1;202390
PFIL;36;1;202390
PFIL;37;1;202390
PFIL;38;1;202390
PGPC;26;1;202390
PGPC;27;1;202390
PGPC;28;1;202390
PGPC;29;1;202390
PGPC;30;1;202390
PGPC;31;1;202390
PGPC;32;1;202390
PGPC;33;1;202390
PGPC;34;2;202390
PGPC;35;2;202390
PGPC;36;2;202390
PGPC;37;2;202390
PGPC;38;2;202390
PMEM;25;2;202390
PMEM;26;3;202390
PMEM;27;4;202390
PMEM;28;4;202390
PMEM;29;5;202390
PMEM;30;9;202390
PMEM;31;9;202390
PMEM;32;9;202390
PMEM;33;10;202390
PMEM;34;12;202390
PMEM;35;12;202390
PMEM;36;13;202390
PMEM;37;14;202390
PMEM;38;15;202390
PMFA;23;1;202390
PMFA;24;1;202390
PMFA;25;1;202390
PMFA;26;1;202390
PMFA;27;1;202390
PMFA;28;1;202390
PMFA;29;1;202390
PMFA;30;1;202390
PMFA;31;1;202390
PMFA;32;1;202390
PMFA;33;1;202390
PMFA;34;1;202390
PMFA;35;1;202390
PMFA;36;1;202390
PMFA;37;1;202390
PMFA;38;1;202390
POPF;20;1;202390
POPF;21;1;202390
POPF;22;2;202390
POPF;23;2;202390
POPF;24;2;202390
POPF;25;2;202390
POPF;26;2;202390
POPF;27;2;202390
POPF;28;3;202390
POPF;29;3;202390
POPF;30;4;202390
POPF;31;5;202390
POPF;32;5;202390
POPF;33;5;202390
POPF;34;7;202390
POPF;35;7;202390
POPF;36;11;202390
POPF;37;12;202390
POPF;38;18;202390
RCME;30;2;202390
RCME;31;3;202390
RCME;32;3;202390
RCME;33;3;202390
RCME;34;3;202390
RCME;35;3;202390
RCME;36;3;202390
RCME;37;3;202390
RCME;38;3;202390
