CÓDIGO;Semana
CACO;202337
CAFC;202337
CCGL;202337
CCOM;202337
CDCA;202337
CDCE;202337
CDFO;202337
CDPC;202337
CEGT;202337
CEXS;202337
CFEP;202337
CGCD;202337
CGEP;202337
CGIE;202337
CGMF;202337
CGOP;202337
CGTA;202337
CHAP;202337
CHDS;202337
CIAA;202337
CICS;202337
CIMO;202337
CLEL;202337
CLIE;202337
CMDI;202337
CMTE;202337
CNEC;202337
CNID;202337
CNRC;202337
CPAE;202337
CPBD;202337
CPDN;202337
CPIS;202337
CPOC;202337
CPYE;202337
CRCJ;202337
CSEA;202337
CTPT;202337
CTSP;202337
CTTM;202337
CTVV;202337
CURV;202337
DAAG;202337
DAAM;202337
DAES;202337
DAPC;202337
DASD;202337
DBCD;202337
DBDG;202337
DBPE;202337
DCAA;202337
DCAL;202337
DCDG;202337
DCEC;202337
DCGE;202337
DCHC;202337
DCKR;202337
DCOL;202337
DCPA;202337
DDCO;202337
DDDD;202337
DDEC;202337
DDEI;202337
DDEP;202337
DDFA;202337
DDFU;202337
DDGE;202337
DDGP;202337
DDIN;202337
DDIP;202337
DDLE;202337
DDMA;202337
DDPC;202337
DDPD;202337
DDSC;202337
DDUC;202337
DDUD;202337
DEBE;202337
DECC;202337
DEGP;202337
DEMA;202337
DEON;202337
DERA;202337
DESG;202337
DEST;202337
DESU;202337
DETR;202337
DEVS;202337
DEXS;202337
DFCL;202337
DFDP;202337
DFEM;202337
DFKM;202337
DFNF;202337
DFUT;202337
DGAS;202337
DGAT;202337
DGCE;202337
DGCO;202337
DGCS;202337
DGCU;202337
DGEP;202337
DGGE;202337
DGLD;202337
DGOL;202337
DGPI;202337
DGTO;202337
DHAC;202337
DHDS;202337
DHGE;202337
DIDS;202337
DIGP;202337
DIND;202337
DIOD;202337
DIPH;202337
DIPP;202337
DIQP;202337
DISI;202337
DISM;202337
DKAD;202337
DLDP;202337
DLEE;202337
DLGP;202337
DLIP;202337
DLTD;202337
DMBU;202337
DMCE;202337
DMDC;202337
DMEP;202337
DMOR;202337
DMSM;202337
DMSU;202337
DMTT;202337
DNDF;202337
DNEE;202337
DNEI;202337
DNEO;202337
DNNA;202337
DOCB;202337
DOCI;202337
DODE;202337
DODP;202337
DOFI;202337
DOHI;202337
DOIA;202337
DOPI;202337
DOPS;202337
DORE;202337
DPAD;202337
DPEA;202337
DPEN;202337
DPPC;202337
DPPE;202337
DPSM;202337
DPSU;202337
DRET;202337
DRGP;202337
DRNA;202337
DSAP;202337
DSCE;202337
DSFC;202337
DSMP;202337
DSVE;202337
DTCG;202337
DTDI;202337
DTMA;202337
DURP;202337
DVMP;202337
ECAN;202337
ECKI;202337
ECNE;202337
EMAN;202337
EMCG;202337
EMCT;202337
EMFL;202337
EMMI;202337
EMNE;202337
EMOT;202337
EMPE;202337
EMPS;202337
EMRA;202337
EMUG;202337
EPAQ;202337
MADP;202337
MAEC;202337
MAFM;202337
MAGS;202337
MDAD;202337
MDDE;202337
MDFI;202337
MDGE;202337
MDPE;202337
MDRC;202337
MDTR;202337
MEDU;202337
MEMG;202337
MEPI;202337
MFIA;202337
MPSP;202337
MTEM;202337
PEIN;202337
PEOG;202337
PEPA;202337
PMEM;202337
PMFA;202337
POPF;202337
CACO;202338
CAFC;202338
CCGL;202338
CCOM;202338
CDCE;202338
CDFO;202338
CDPC;202338
CEXS;202338
CGCD;202338
CGIE;202338
CGMF;202338
CHDS;202338
CIAA;202338
CICS;202338
CLEL;202338
CLIE;202338
CMTE;202338
CPAE;202338
CPDN;202338
CPIS;202338
CPOC;202338
CRCJ;202338
CTPT;202338
CTSP;202338
CTTM;202338
CTVV;202338
CURV;202338
DAAG;202338
DAES;202338
DAPC;202338
DASD;202338
DBPE;202338
DCAA;202338
DCAL;202338
DCEC;202338
DCGE;202338
DCKR;202338
DCPA;202338
DDCO;202338
DDDD;202338
DDEP;202338
DDFA;202338
DDFU;202338
DDIN;202338
DDLE;202338
DDPC;202338
DDSC;202338
DDUC;202338
DEBE;202338
DECC;202338
DEGP;202338
DEMA;202338
DEON;202338
DERA;202338
DESG;202338
DEST;202338
DESU;202338
DETR;202338
DEXS;202338
DFEM;202338
DFKM;202338
DFNF;202338
DFUT;202338
DGCE;202338
DGCU;202338
DGEP;202338
DGGE;202338
DGPI;202338
DGTO;202338
DIDS;202338
DIGP;202338
DIND;202338
DIOD;202338
DIPP;202338
DIQP;202338
DISI;202338
DKAD;202338
DLDP;202338
DLEE;202338
DLIP;202338
DMCE;202338
DMEP;202338
DMTT;202338
DNEO;202338
DODP;202338
DOIA;202338
DOPI;202338
DORE;202338
DPAD;202338
DPEN;202338
DPPC;202338
DPPE;202338
DPSM;202338
DRET;202338
DRGP;202338
DRNA;202338
DSCE;202338
DSMP;202338
DTCG;202338
ECAN;202338
ECNE;202338
EMAN;202338
EMCG;202338
EMCT;202338
EMFL;202338
EMMI;202338
EMNE;202338
EMOT;202338
EMPE;202338
EMPS;202338
EMRA;202338
EMUG;202338
EPAQ;202338
MADP;202338
MAEC;202338
MAFM;202338
MAGS;202338
MDAD;202338
MDDE;202338
MDFI;202338
MDGE;202338
MDPE;202338
MDRC;202338
MDTR;202338
MEDU;202338
MEMG;202338
MEPI;202338
MFIA;202338
MPSP;202338
MTEM;202338
PEIN;202338
PEOG;202338
PEPA;202338
PMFA;202338
POPF;202338
CACO;202339
CAFC;202339
CCGL;202339
CCOM;202339
CDCE;202339
CDFO;202339
CDPC;202339
CGCD;202339
CGIE;202339
CGMF;202339
CHDS;202339
CIAA;202339
CICS;202339
CLEL;202339
CLIE;202339
CMTE;202339
CPDN;202339
CPIS;202339
CPOC;202339
CRCJ;202339
CTPT;202339
CTSP;202339
CTTM;202339
CTVV;202339
CURV;202339
DAES;202339
DAPC;202339
DASD;202339
DCAA;202339
DCAL;202339
DCEC;202339
DCGE;202339
DCKR;202339
DCPA;202339
DDCO;202339
DDDD;202339
DDEP;202339
DDFA;202339
DDFU;202339
DDIN;202339
DDLE;202339
DDSC;202339
DDUC;202339
DECC;202339
DEGP;202339
DEMA;202339
DEON;202339
DERA;202339
DEST;202339
DESU;202339
DETR;202339
DFEM;202339
DFKM;202339
DFNF;202339
DFUT;202339
DGCE;202339
DGCU;202339
DGGE;202339
DGPI;202339
DGTO;202339
DIDS;202339
DIGP;202339
DIND;202339
DIOD;202339
DIQP;202339
DISI;202339
DKAD;202339
DLDP;202339
DLEE;202339
DMCE;202339
DMEP;202339
DMTT;202339
DNEO;202339
DOIA;202339
DOPI;202339
DORE;202339
DPAD;202339
DPEN;202339
DPPC;202339
DPSM;202339
DRET;202339
DRGP;202339
DRNA;202339
DSCE;202339
DSMP;202339
DTCG;202339
ECAN;202339
ECNE;202339
EMAN;202339
EMCG;202339
EMCT;202339
EMFL;202339
EMMI;202339
EMNE;202339
EMOT;202339
EMPE;202339
EMPS;202339
EMRA;202339
EMUG;202339
MAEC;202339
MAFM;202339
MDDE;202339
MDFI;202339
MDGE;202339
MDPE;202339
MDRC;202339
MEMG;202339
MFIA;202339
MTEM;202339
PEIN;202339
PEOG;202339
PEPA;202339
PMFA;202339
CACO;202340
CAFC;202340
CCGL;202340
CCOM;202340
CDCE;202340
CDFO;202340
CDPC;202340
CGCD;202340
CGIE;202340
CGMF;202340
CHDS;202340
CIAA;202340
CICS;202340
CLEL;202340
CLIE;202340
CMTE;202340
CPDN;202340
CPIS;202340
CPOC;202340
CRCJ;202340
CTPT;202340
CTSP;202340
CTTM;202340
CTVV;202340
CURV;202340
DAPC;202340
DASD;202340
DCAA;202340
DCAL;202340
DCEC;202340
DCGE;202340
DCKR;202340
DCPA;202340
DDCO;202340
DDDD;202340
DDEP;202340
DDFA;202340
DDFU;202340
DDIN;202340
DDLE;202340
DDUC;202340
DECC;202340
DEGP;202340
DEMA;202340
DEON;202340
DERA;202340
DEST;202340
DESU;202340
DETR;202340
DFEM;202340
DFKM;202340
DFNF;202340
DFUT;202340
DGCE;202340
DGCU;202340
DGGE;202340
DGPI;202340
DGTO;202340
DIDS;202340
DIGP;202340
DIND;202340
DIOD;202340
DIQP;202340
DISI;202340
DKAD;202340
DLDP;202340
DLEE;202340
DMCE;202340
DMEP;202340
DMTT;202340
DNEO;202340
DOIA;202340
DORE;202340
DPEN;202340
DPPC;202340
DPSM;202340
DRGP;202340
DRNA;202340
DSMP;202340
ECAN;202340
ECNE;202340
EMAN;202340
EMCG;202340
EMCT;202340
EMFL;202340
EMMI;202340
EMNE;202340
EMOT;202340
EMPE;202340
EMPS;202340
EMRA;202340
EMUG;202340
MAEC;202340
MAFM;202340
MDDE;202340
MDFI;202340
MDPE;202340
MDRC;202340
MEMG;202340
MFIA;202340
PEIN;202340
PEOG;202340
PEPA;202340
PMFA;202340
CACO;202341
CAFC;202341
CCGL;202341
CCOM;202341
CDCE;202341
CDFO;202341
CDPC;202341
CGCD;202341
CGIE;202341
CGMF;202341
CHDS;202341
CIAA;202341
CICS;202341
CLEL;202341
CMTE;202341
CPDN;202341
CPIS;202341
CPOC;202341
CRCJ;202341
CTPT;202341
CTSP;202341
CTTM;202341
CTVV;202341
CURV;202341
DASD;202341
DCAA;202341
DCAL;202341
DCEC;202341
DCGE;202341
DCKR;202341
DCPA;202341
DDCO;202341
DDDD;202341
DDEP;202341
DDFA;202341
DDFU;202341
DDIN;202341
DDLE;202341
DDUC;202341
DECC;202341
DEGP;202341
DEMA;202341
DEON;202341
DEST;202341
DESU;202341
DETR;202341
DFEM;202341
DFKM;202341
DFNF;202341
DFUT;202341
DGCE;202341
DGCU;202341
DGGE;202341
DGTO;202341
DIDS;202341
DIGP;202341
DIND;202341
DIOD;202341
DIQP;202341
DISI;202341
DKAD;202341
DLDP;202341
DMEP;202341
DNEO;202341
DORE;202341
DPPC;202341
DPSM;202341
DRGP;202341
DRNA;202341
DSMP;202341
ECAN;202341
ECNE;202341
EMAN;202341
EMCG;202341
EMCT;202341
EMFL;202341
EMMI;202341
EMNE;202341
EMOT;202341
EMPE;202341
EMPS;202341
EMRA;202341
EMUG;202341
MAEC;202341
MAFM;202341
MDDE;202341
MDFI;202341
MDRC;202341
MFIA;202341
PEIN;202341
PEPA;202341
PMFA;202341
CACO;202342
CAFC;202342
CCGL;202342
CCOM;202342
CDCE;202342
CDFO;202342
CDPC;202342
CGCD;202342
CGIE;202342
CGMF;202342
CHDS;202342
CICS;202342
CLEL;202342
CMTE;202342
CPDN;202342
CPIS;202342
CPOC;202342
CRCJ;202342
CTSP;202342
CTVV;202342
CURV;202342
DASD;202342
DCAL;202342
DCEC;202342
DCGE;202342
DCKR;202342
DDCO;202342
DDDD;202342
DDFA;202342
DDFU;202342
DDIN;202342
DDLE;202342
DDUC;202342
DECC;202342
DEGP;202342
DEMA;202342
DEON;202342
DEST;202342
DESU;202342
DETR;202342
DFEM;202342
DFKM;202342
DFNF;202342
DFUT;202342
DGCE;202342
DGCU;202342
DGTO;202342
DIDS;202342
DIGP;202342
DIQP;202342
DISI;202342
DLDP;202342
DMEP;202342
DORE;202342
DPPC;202342
DPSM;202342
DRGP;202342
DRNA;202342
ECAN;202342
ECNE;202342
EMAN;202342
EMCG;202342
EMFL;202342
EMMI;202342
EMNE;202342
EMOT;202342
EMPE;202342
EMPS;202342
EMRA;202342
EMUG;202342
MAEC;202342
MAFM;202342
MDFI;202342
MDRC;202342
MFIA;202342
PEIN;202342
PMFA;202342
CACO;202343
CAFC;202343
CCGL;202343
CCOM;202343
CDCE;202343
CDFO;202343
CDPC;202343
CGCD;202343
CGIE;202343
CGMF;202343
CHDS;202343
CICS;202343
CLEL;202343
CMTE;202343
CPDN;202343
CPIS;202343
CPOC;202343
CRCJ;202343
CTSP;202343
CTVV;202343
CURV;202343
DASD;202343
DCAL;202343
DCEC;202343
DCGE;202343
DCKR;202343
DDCO;202343
DDDD;202343
DDFA;202343
DDFU;202343
DDIN;202343
DDLE;202343
DDUC;202343
DEGP;202343
DEMA;202343
DEST;202343
DESU;202343
DFEM;202343
DFNF;202343
DFUT;202343
DGCU;202343
DGTO;202343
DIDS;202343
DIGP;202343
DISI;202343
DLDP;202343
DMEP;202343
DORE;202343
DPSM;202343
DRGP;202343
DRNA;202343
ECAN;202343
ECNE;202343
EMAN;202343
EMCG;202343
EMFL;202343
EMMI;202343
EMNE;202343
EMOT;202343
EMPE;202343
EMPS;202343
EMRA;202343
EMUG;202343
MAEC;202343
MAFM;202343
MDFI;202343
MDRC;202343
MFIA;202343
PEIN;202343
PMFA;202343
CACO;202344
CAFC;202344
CCGL;202344
CCOM;202344
CDCE;202344
CDFO;202344
CDPC;202344
CGCD;202344
CGIE;202344
CGMF;202344
CICS;202344
CLEL;202344
CMTE;202344
CPDN;202344
CPIS;202344
CPOC;202344
CRCJ;202344
CTSP;202344
CTVV;202344
CURV;202344
DASD;202344
DCAL;202344
DCEC;202344
DCGE;202344
DDCO;202344
DDFA;202344
DDFU;202344
DDIN;202344
DDLE;202344
DDUC;202344
DEGP;202344
DEMA;202344
DEST;202344
DESU;202344
DFNF;202344
DFUT;202344
DGTO;202344
DIDS;202344
DIGP;202344
DISI;202344
DLDP;202344
DMEP;202344
DORE;202344
DPSM;202344
DRGP;202344
DRNA;202344
ECAN;202344
ECNE;202344
EMAN;202344
EMCG;202344
EMFL;202344
EMMI;202344
EMNE;202344
EMOT;202344
EMPE;202344
EMPS;202344
EMRA;202344
EMUG;202344
MAEC;202344
MAFM;202344
MDFI;202344
MFIA;202344
PEIN;202344
PMFA;202344
CACO;202345
CAFC;202345
CCGL;202345
CCOM;202345
CDCE;202345
CDFO;202345
CDPC;202345
CGCD;202345
CGIE;202345
CGMF;202345
CICS;202345
CLEL;202345
CMTE;202345
CPDN;202345
CPIS;202345
CPOC;202345
CRCJ;202345
CTSP;202345
CTVV;202345
CURV;202345
DASD;202345
DCAL;202345
DCEC;202345
DCGE;202345
DDCO;202345
DDFU;202345
DDIN;202345
DDLE;202345
DDUC;202345
DEGP;202345
DEMA;202345
DESU;202345
DFNF;202345
DFUT;202345
DGTO;202345
DIDS;202345
DISI;202345
DLDP;202345
DMEP;202345
DORE;202345
DPSM;202345
DRGP;202345
DRNA;202345
ECAN;202345
EMAN;202345
EMCG;202345
EMFL;202345
EMMI;202345
EMNE;202345
EMOT;202345
EMPE;202345
EMPS;202345
EMRA;202345
EMUG;202345
MAEC;202345
MAFM;202345
MFIA;202345
PEIN;202345
PMFA;202345
CACO;202346
CAFC;202346
CCGL;202346
CCOM;202346
CDFO;202346
CDPC;202346
CGCD;202346
CGMF;202346
CICS;202346
CLEL;202346
CMTE;202346
CPDN;202346
CPIS;202346
CPOC;202346
CRCJ;202346
CTSP;202346
CTVV;202346
CURV;202346
DASD;202346
DCAL;202346
DCEC;202346
DCGE;202346
DDCO;202346
DDFU;202346
DDIN;202346
DDLE;202346
DDUC;202346
DEGP;202346
DEMA;202346
DESU;202346
DFUT;202346
DGTO;202346
DIDS;202346
DISI;202346
DLDP;202346
DMEP;202346
DORE;202346
DPSM;202346
DRGP;202346
DRNA;202346
ECAN;202346
EMAN;202346
EMCG;202346
EMFL;202346
EMMI;202346
EMNE;202346
EMOT;202346
EMPE;202346
EMPS;202346
EMRA;202346
EMUG;202346
MAEC;202346
MAFM;202346
MFIA;202346
PMFA;202346
CACO;202347
CAFC;202347
CCGL;202347
CCOM;202347
CDFO;202347
CDPC;202347
CGCD;202347
CGMF;202347
CICS;202347
CLEL;202347
CMTE;202347
CPDN;202347
CPIS;202347
CPOC;202347
CRCJ;202347
CTSP;202347
CTVV;202347
CURV;202347
DASD;202347
DCAL;202347
DCEC;202347
DDCO;202347
DDFU;202347
DDIN;202347
DDUC;202347
DEGP;202347
DEMA;202347
DESU;202347
DFUT;202347
DGTO;202347
DISI;202347
DLDP;202347
DORE;202347
DRGP;202347
DRNA;202347
ECAN;202347
EMAN;202347
EMCG;202347
EMFL;202347
EMMI;202347
EMNE;202347
EMOT;202347
EMPE;202347
EMPS;202347
EMRA;202347
EMUG;202347
MAEC;202347
MAFM;202347
MFIA;202347
PMFA;202347
CACO;202348
CAFC;202348
CCGL;202348
CCOM;202348
CDPC;202348
CGCD;202348
CICS;202348
CPDN;202348
CPIS;202348
CPOC;202348
CRCJ;202348
CTSP;202348
CTVV;202348
DASD;202348
DCAL;202348
DCEC;202348
DDCO;202348
DDFU;202348
DDUC;202348
DEGP;202348
DEMA;202348
DESU;202348
DGTO;202348
DLDP;202348
DORE;202348
DRGP;202348
DRNA;202348
ECAN;202348
EMAN;202348
EMCG;202348
EMFL;202348
EMMI;202348
EMNE;202348
EMOT;202348
EMPE;202348
EMPS;202348
EMRA;202348
EMUG;202348
MAEC;202348
MAFM;202348
MFIA;202348
PMFA;202348
CACO;202349
CAFC;202349
CCGL;202349
CCOM;202349
CDPC;202349
CGCD;202349
CICS;202349
CPDN;202349
CPIS;202349
CPOC;202349
CTSP;202349
CTVV;202349
DASD;202349
DCEC;202349
DDCO;202349
DDUC;202349
DGTO;202349
DORE;202349
DRGP;202349
DRNA;202349
ECAN;202349
EMAN;202349
EMCG;202349
EMFL;202349
EMMI;202349
EMNE;202349
EMOT;202349
EMPE;202349
EMPS;202349
EMRA;202349
EMUG;202349
MAEC;202349
MAFM;202349
MFIA;202349
PMFA;202349
CACO;202350
CAFC;202350
CCGL;202350
CCOM;202350
CDPC;202350
CGCD;202350
CICS;202350
CPDN;202350
CPIS;202350
CPOC;202350
CTSP;202350
CTVV;202350
DASD;202350
DCEC;202350
DDCO;202350
DDUC;202350
DGTO;202350
DORE;202350
DRGP;202350
ECAN;202350
MAEC;202350
MAFM;202350
MFIA;202350
PMFA;202350
CACO;202351
CAFC;202351
CCGL;202351
CCOM;202351
CDPC;202351
CGCD;202351
CICS;202351
CPDN;202351
CPIS;202351
CTSP;202351
CTVV;202351
DASD;202351
DCEC;202351
DDCO;202351
DDUC;202351
DGTO;202351
DORE;202351
DRGP;202351
MAEC;202351
MAFM;202351
MFIA;202351
PMFA;202351
CACO;202352
CAFC;202352
CCGL;202352
CCOM;202352
CDPC;202352
CGCD;202352
CICS;202352
CPDN;202352
CPIS;202352
CTSP;202352
DCEC;202352
DDCO;202352
DDUC;202352
DGTO;202352
DORE;202352
DRGP;202352
MAEC;202352
MAFM;202352
MFIA;202352
PMFA;202352
CACO;202353
CAFC;202353
CCGL;202353
CCOM;202353
CDPC;202353
CGCD;202353
CICS;202353
CPDN;202353
CPIS;202353
CTSP;202353
DCEC;202353
DDUC;202353
DGTO;202353
DORE;202353
DRGP;202353
MAEC;202353
MAFM;202353
MFIA;202353
PMFA;202353
CACO;202354
CAFC;202354
CCGL;202354
CCOM;202354
CGCD;202354
CICS;202354
CPIS;202354
CTSP;202354
DCEC;202354
DDUC;202354
DGTO;202354
DORE;202354
DRGP;202354
MAEC;202354
MAFM;202354
MFIA;202354
PMFA;202354
CACO;202355
CAFC;202355
CCGL;202355
CCOM;202355
CGCD;202355
CICS;202355
CPIS;202355
CTSP;202355
DCEC;202355
DDUC;202355
DGTO;202355
DORE;202355
DRGP;202355
MAEC;202355
MAFM;202355
MFIA;202355
PMFA;202355
CACO;202356
CAFC;202356
CCGL;202356
CCOM;202356
CGCD;202356
CICS;202356
CPIS;202356
CTSP;202356
DCEC;202356
DDUC;202356
DGTO;202356
DORE;202356
DRGP;202356
MAEC;202356
MAFM;202356
MFIA;202356
PMFA;202356
CACO;202357
CCGL;202357
CCOM;202357
CGCD;202357
CICS;202357
CPIS;202357
CTSP;202357
DDUC;202357
PMFA;202357
CACO;202358
CCGL;202358
CCOM;202358
CGCD;202358
CACO;202359
CCGL;202359
CCOM;202359
CGCD;202359
CACO;202360
CCGL;202360
CCOM;202360
CGCD;202360
CACO;202361
CCGL;202361
CCOM;202361
CGCD;202361
CACO;202362
CCGL;202362
CCOM;202362
CGCD;202362
CACO;202363
CCGL;202363
CCOM;202363
CGCD;202363
CACO;202364
CCGL;202364
CCOM;202364
CGCD;202364
CACO;202365
CCGL;202365
CCOM;202365
CACO;202366
CCGL;202366
CCOM;202366
CACO;202367
CCGL;202367
CCOM;202367
CCGL;202368
CCOM;202368
CCOM;202369
